Date,Miles,Week Helper,Week (Monday),Month,Year,,,,,Biking and elliptical excluded for now,
6/17/2021 17:10:26,0.00,6/14/2021 17:10:26,6/14/2021,Jun,2021,,,,,add time?,seperate garmin chart so there can be time with bike rather than making up data for older data
6/18/2021 5:41:23,0.00,6/14/2021 5:41:23,6/14/2021,Jun,2021,,,,,,1 charts for each arc
6/19/2021 14:41:47,0.00,6/14/2021 14:41:47,6/14/2021,Jun,2021,,,,,,this is ONLY for run miles and date
6/20/2021 13:36:01,0.00,6/14/2021 13:36:01,6/14/2021,Jun,2021,,,,,,
6/21/2021 11:35:07,0.00,6/21/2021 11:35:07,6/21/2021,Jun,2021,,,,,,
6/22/2021 11:35:03,0.00,6/21/2021 11:35:03,6/21/2021,Jun,2021,,,,,,
6/23/2021 10:09:57,0.00,6/21/2021 10:09:57,6/21/2021,Jun,2021,,,,,,
6/24/2021 14:37:04,0.00,6/21/2021 14:37:04,6/21/2021,Jun,2021,,,,,,
6/25/2021 9:41:30,0.00,6/21/2021 9:41:30,6/21/2021,Jun,2021,,,,,,
6/26/2021 4:31:31,0.00,6/21/2021 4:31:31,6/21/2021,Jun,2021,,,,,,
6/27/2021 12:05:05,0.00,6/21/2021 12:05:05,6/21/2021,Jun,2021,,,,,,
6/28/2021 5:19:58,0.00,6/28/2021 5:19:58,6/28/2021,Jun,2021,,,,,,
6/29/2021 5:37:51,0.00,6/28/2021 5:37:51,6/28/2021,Jun,2021,,,,,,
6/30/2021 14:35:17,0.00,6/28/2021 14:35:17,6/28/2021,Jun,2021,,,,,,
7/1/2021 5:24:06,0.00,6/28/2021 5:24:06,6/28/2021,Jul,2021,,,,,,
7/2/2021 4:56:28,0.00,6/28/2021 4:56:28,6/28/2021,Jul,2021,,,,,,
7/3/2021 14:39:44,0.00,6/28/2021 14:39:44,6/28/2021,Jul,2021,,,,,,
7/4/2021 4:37:41,0.00,6/28/2021 4:37:41,6/28/2021,Jul,2021,,,,,,
7/5/2021 5:37:44,0.00,7/5/2021 5:37:44,7/5/2021,Jul,2021,,,,,,
7/6/2021 4:34:28,0.00,7/5/2021 4:34:28,7/5/2021,Jul,2021,,,,,,
7/7/2021 11:13:37,0.00,7/5/2021 11:13:37,7/5/2021,Jul,2021,,,,,,
7/8/2021 14:35:02,0.00,7/5/2021 14:35:02,7/5/2021,Jul,2021,,,,,,
7/9/2021 13:42:09,0.00,7/5/2021 13:42:09,7/5/2021,Jul,2021,,,,,,
7/10/2021 14:46:13,0.00,7/5/2021 14:46:13,7/5/2021,Jul,2021,,,,,,
7/11/2021 6:26:39,0.00,7/5/2021 6:26:39,7/5/2021,Jul,2021,,,,,,
7/12/2021 5:51:37,0.00,7/12/2021 5:51:37,7/12/2021,Jul,2021,,,,,,
7/13/2021 6:27:27,0.00,7/12/2021 6:27:27,7/12/2021,Jul,2021,,,,,,
7/14/2021 5:07:50,0.00,7/12/2021 5:07:50,7/12/2021,Jul,2021,,,,,,
7/15/2021 13:15:56,0.00,7/12/2021 13:15:56,7/12/2021,Jul,2021,,,,,,
7/16/2021 21:24:41,0.00,7/12/2021 21:24:41,7/12/2021,Jul,2021,,,,,,
7/17/2021 14:35:02,0.00,7/12/2021 14:35:02,7/12/2021,Jul,2021,,,,,,
7/18/2021 6:09:09,0.00,7/12/2021 6:09:09,7/12/2021,Jul,2021,,,,,,
7/19/2021 5:32:08,0.00,7/19/2021 5:32:08,7/19/2021,Jul,2021,,,,,,
7/20/2021 5:39:07,0.00,7/19/2021 5:39:07,7/19/2021,Jul,2021,,,,,,
7/21/2021 13:05:04,0.00,7/19/2021 13:05:04,7/19/2021,Jul,2021,,,,,,
7/22/2021 14:36:13,0.00,7/19/2021 14:36:13,7/19/2021,Jul,2021,,,,,,
7/23/2021 6:58:59,0.00,7/19/2021 6:58:59,7/19/2021,Jul,2021,,,,,,
7/24/2021 13:50:16,0.00,7/19/2021 13:50:16,7/19/2021,Jul,2021,,,,,,
7/25/2021 5:31:43,0.00,7/19/2021 5:31:43,7/19/2021,Jul,2021,,,,,,
7/26/2021 14:24:58,0.00,7/26/2021 14:24:58,7/26/2021,Jul,2021,,,,,,
7/27/2021 6:35:28,0.00,7/26/2021 6:35:28,7/26/2021,Jul,2021,,,,,,
7/28/2021 14:35:03,0.00,7/26/2021 14:35:03,7/26/2021,Jul,2021,,,,,,
7/29/2021 5:58:01,0.01,7/26/2021 5:58:01,7/26/2021,Jul,2021,,,,,,
7/30/2021 6:24:42,0.00,7/26/2021 6:24:42,7/26/2021,Jul,2021,,,,,,
7/31/2021 5:32:24,0.00,7/26/2021 5:32:24,7/26/2021,Jul,2021,,,,,,
8/1/2021 14:55:02,0.00,7/26/2021 14:55:02,7/26/2021,Aug,2021,,,,,,
8/2/2021 4:35:18,1.89,8/2/2021 4:35:18,8/2/2021,Aug,2021,,,,,,
8/3/2021 14:01:55,0.00,8/2/2021 14:01:55,8/2/2021,Aug,2021,,,,,,
8/4/2021 5:37:33,1.66,8/2/2021 5:37:33,8/2/2021,Aug,2021,,,,,,
8/5/2021 6:09:45,0.00,8/2/2021 6:09:45,8/2/2021,Aug,2021,,,,,,
8/6/2021 5:10:24,0.00,8/2/2021 5:10:24,8/2/2021,Aug,2021,,,,,,
8/7/2021 11:32:31,2.01,8/2/2021 11:32:31,8/2/2021,Aug,2021,,,,,,
8/8/2021 12:15:01,0.00,8/2/2021 12:15:01,8/2/2021,Aug,2021,,,,,,
8/9/2021 14:38:21,0.00,8/9/2021 14:38:21,8/9/2021,Aug,2021,,,,,,
8/10/2021 5:14:12,1.52,8/9/2021 5:14:12,8/9/2021,Aug,2021,,,,,,
8/11/2021 14:35:01,0.00,8/9/2021 14:35:01,8/9/2021,Aug,2021,,,,,,
8/12/2021 5:35:46,1.56,8/9/2021 5:35:46,8/9/2021,Aug,2021,,,,,,
8/13/2021 12:38:35,0.00,8/9/2021 12:38:35,8/9/2021,Aug,2021,,,,,,
8/14/2021 6:33:25,0.00,8/9/2021 6:33:25,8/9/2021,Aug,2021,,,,,,
8/15/2021 15:13:53,0.00,8/9/2021 15:13:53,8/9/2021,Aug,2021,,,,,,
8/16/2021 11:31:26,2.11,8/16/2021 11:31:26,8/16/2021,Aug,2021,,,,,,
8/17/2021 5:44:45,0.00,8/16/2021 5:44:45,8/16/2021,Aug,2021,,,,,,
8/18/2021 11:27:41,1.41,8/16/2021 11:27:41,8/16/2021,Aug,2021,,,,,,
8/19/2021 5:28:42,0.00,8/16/2021 5:28:42,8/16/2021,Aug,2021,,,,,,
8/20/2021 5:03:37,0.00,8/16/2021 5:03:37,8/16/2021,Aug,2021,,,,,,
8/21/2021 5:24:54,2.05,8/16/2021 5:24:54,8/16/2021,Aug,2021,,,,,,
8/22/2021 13:17:22,0.00,8/16/2021 13:17:22,8/16/2021,Aug,2021,,,,,,
8/23/2021 5:38:50,0.00,8/23/2021 5:38:50,8/23/2021,Aug,2021,,,,,,
8/24/2021 6:06:18,1.45,8/23/2021 6:06:18,8/23/2021,Aug,2021,,,,,,
8/25/2021 14:31:42,0.00,8/23/2021 14:31:42,8/23/2021,Aug,2021,,,,,,
8/26/2021 5:06:30,0.00,8/23/2021 5:06:30,8/23/2021,Aug,2021,,,,,,
8/27/2021 13:24:11,1.47,8/23/2021 13:24:11,8/23/2021,Aug,2021,,,,,,
8/28/2021 6:01:50,0.01,8/23/2021 6:01:50,8/23/2021,Aug,2021,,,,,,
8/29/2021 5:17:33,0.00,8/23/2021 5:17:33,8/23/2021,Aug,2021,,,,,,
8/30/2021 13:38:13,1.39,8/30/2021 13:38:13,8/30/2021,Aug,2021,,,,,,
8/31/2021 6:03:14,0.00,8/30/2021 6:03:14,8/30/2021,Aug,2021,,,,,,
9/1/2021 14:55:03,0.00,8/30/2021 14:55:03,8/30/2021,Sep,2021,,,,,,
9/2/2021 6:00:37,0.00,8/30/2021 6:00:37,8/30/2021,Sep,2021,,,,,,
9/3/2021 6:00:24,1.78,8/30/2021 6:00:24,8/30/2021,Sep,2021,,,,,,
9/4/2021 5:51:39,0.00,8/30/2021 5:51:39,8/30/2021,Sep,2021,,,,,,
9/5/2021 5:39:35,0.01,8/30/2021 5:39:35,8/30/2021,Sep,2021,,,,,,
9/6/2021 5:47:12,0.00,9/6/2021 5:47:12,9/6/2021,Sep,2021,,,,,,
9/7/2021 5:34:34,1.38,9/6/2021 5:34:34,9/6/2021,Sep,2021,,,,,,
9/8/2021 10:07:51,1.37,9/6/2021 10:07:51,9/6/2021,Sep,2021,,,,,,
9/9/2021 6:33:40,0.00,9/6/2021 6:33:40,9/6/2021,Sep,2021,,,,,,
9/10/2021 7:04:22,0.00,9/6/2021 7:04:22,9/6/2021,Sep,2021,,,,,,
9/11/2021 7:31:08,0.00,9/6/2021 7:31:08,9/6/2021,Sep,2021,,,,,,
9/12/2021 5:38:36,1.39,9/6/2021 5:38:36,9/6/2021,Sep,2021,,,,,,
9/13/2021 13:14:07,1.38,9/13/2021 13:14:07,9/13/2021,Sep,2021,,,,,,
9/14/2021 6:23:14,1.72,9/13/2021 6:23:14,9/13/2021,Sep,2021,,,,,,
9/15/2021 6:23:51,1.71,9/13/2021 6:23:51,9/13/2021,Sep,2021,,,,,,
9/16/2021 6:02:57,1.26,9/13/2021 6:02:57,9/13/2021,Sep,2021,,,,,,
9/17/2021 6:07:22,1.21,9/13/2021 6:07:22,9/13/2021,Sep,2021,,,,,,
9/18/2021 6:53:21,0.00,9/13/2021 6:53:21,9/13/2021,Sep,2021,,,,,,
9/19/2021 5:12:18,0.00,9/13/2021 5:12:18,9/13/2021,Sep,2021,,,,,,
9/20/2021 7:06:14,0.00,9/20/2021 7:06:14,9/20/2021,Sep,2021,,,,,,
9/21/2021 13:15:01,1.44,9/20/2021 13:15:01,9/20/2021,Sep,2021,,,,,,
9/22/2021 6:09:12,1.54,9/20/2021 6:09:12,9/20/2021,Sep,2021,,,,,,
9/23/2021 12:55:29,1.48,9/20/2021 12:55:29,9/20/2021,Sep,2021,,,,,,
9/24/2021 18:16:16,0.00,9/20/2021 18:16:16,9/20/2021,Sep,2021,,,,,,
9/25/2021 5:34:16,0.00,9/20/2021 5:34:16,9/20/2021,Sep,2021,,,,,,
9/26/2021 12:35:02,0.00,9/20/2021 12:35:02,9/20/2021,Sep,2021,,,,,,
9/27/2021 5:33:11,0.00,9/27/2021 5:33:11,9/27/2021,Sep,2021,,,,,,
9/28/2021 13:53:22,0.01,9/27/2021 13:53:22,9/27/2021,Sep,2021,,,,,,
9/29/2021 12:15:06,0.00,9/27/2021 12:15:06,9/27/2021,Sep,2021,,,,,,
9/30/2021 10:45:42,0.00,9/27/2021 10:45:42,9/27/2021,Sep,2021,,,,,,
10/1/2021 10:32:08,0.00,9/27/2021 10:32:08,9/27/2021,Oct,2021,,,,,,
10/2/2021 13:21:16,2.03,9/27/2021 13:21:16,9/27/2021,Oct,2021,,,,,,
10/3/2021 13:22:17,1.45,9/27/2021 13:22:17,9/27/2021,Oct,2021,,,,,,
10/4/2021 14:15:02,0.00,10/4/2021 14:15:02,10/4/2021,Oct,2021,,,,,,
10/5/2021 13:20:34,1.36,10/4/2021 13:20:34,10/4/2021,Oct,2021,,,,,,
10/6/2021 6:15:52,0.00,10/4/2021 6:15:52,10/4/2021,Oct,2021,,,,,,
10/7/2021 13:32:04,0.00,10/4/2021 13:32:04,10/4/2021,Oct,2021,,,,,,
10/8/2021 5:34:09,1.74,10/4/2021 5:34:09,10/4/2021,Oct,2021,,,,,,
10/9/2021 12:35:29,0.00,10/4/2021 12:35:29,10/4/2021,Oct,2021,,,,,,
10/10/2021 4:35:38,0.00,10/4/2021 4:35:38,10/4/2021,Oct,2021,,,,,,
10/11/2021 5:16:13,0.00,10/11/2021 5:16:13,10/11/2021,Oct,2021,,,,,,
10/12/2021 4:39:51,1.22,10/11/2021 4:39:51,10/11/2021,Oct,2021,,,,,,
10/13/2021 5:10:26,1.35,10/11/2021 5:10:26,10/11/2021,Oct,2021,,,,,,
10/14/2021 4:58:41,0.00,10/11/2021 4:58:41,10/11/2021,Oct,2021,,,,,,
10/15/2021 5:21:38,1.19,10/11/2021 5:21:38,10/11/2021,Oct,2021,,,,,,
10/16/2021 14:14:55,0.00,10/11/2021 14:14:55,10/11/2021,Oct,2021,,,,,,
10/17/2021 4:12:02,0.00,10/11/2021 4:12:02,10/11/2021,Oct,2021,,,,,,
10/18/2021 14:44:02,0.00,10/18/2021 14:44:02,10/18/2021,Oct,2021,,,,,,
10/25/2021 15:41:42,0.01,10/25/2021 15:41:42,10/25/2021,Oct,2021,,,,,,
10/26/2021 14:10:04,0.01,10/25/2021 14:10:04,10/25/2021,Oct,2021,,,,,,
10/27/2021 11:15:40,0.00,10/25/2021 11:15:40,10/25/2021,Oct,2021,,,,,,
10/28/2021 14:55:12,0.00,10/25/2021 14:55:12,10/25/2021,Oct,2021,,,,,,
10/29/2021 4:18:25,0.00,10/25/2021 4:18:25,10/25/2021,Oct,2021,,,,,,
10/30/2021 18:10:39,0.00,10/25/2021 18:10:39,10/25/2021,Oct,2021,,,,,,
10/31/2021 7:48:48,0.00,10/25/2021 7:48:48,10/25/2021,Oct,2021,,,,,,
11/1/2021 13:16:04,1.54,11/1/2021 13:16:04,11/1/2021,Nov,2021,,,,,,
11/2/2021 5:28:56,0.00,11/1/2021 5:28:56,11/1/2021,Nov,2021,,,,,,
11/3/2021 6:25:29,0.00,11/1/2021 6:25:29,11/1/2021,Nov,2021,,,,,,
11/4/2021 5:47:56,0.00,11/1/2021 5:47:56,11/1/2021,Nov,2021,,,,,,
11/5/2021 5:30:46,0.00,11/1/2021 5:30:46,11/1/2021,Nov,2021,,,,,,
11/6/2021 4:39:00,0.00,11/1/2021 4:39:00,11/1/2021,Nov,2021,,,,,,
11/7/2021 5:24:51,0.00,11/1/2021 5:24:51,11/1/2021,Nov,2021,,,,,,
11/8/2021 6:01:21,1.50,11/8/2021 6:01:21,11/8/2021,Nov,2021,,,,,,
11/9/2021 15:41:31,0.00,11/8/2021 15:41:31,11/8/2021,Nov,2021,,,,,,
11/10/2021 15:38:43,0.00,11/8/2021 15:38:43,11/8/2021,Nov,2021,,,,,,
11/11/2021 5:02:01,0.00,11/8/2021 5:02:01,11/8/2021,Nov,2021,,,,,,
11/12/2021 6:19:59,0.00,11/8/2021 6:19:59,11/8/2021,Nov,2021,,,,,,
11/13/2021 18:41:27,0.00,11/8/2021 18:41:27,11/8/2021,Nov,2021,,,,,,
11/14/2021 17:17:32,0.00,11/8/2021 17:17:32,11/8/2021,Nov,2021,,,,,,
11/15/2021 5:41:12,0.00,11/15/2021 5:41:12,11/15/2021,Nov,2021,,,,,,
11/16/2021 12:04:54,0.00,11/15/2021 12:04:54,11/15/2021,Nov,2021,,,,,,
11/17/2021 6:24:26,0.00,11/15/2021 6:24:26,11/15/2021,Nov,2021,,,,,,
11/18/2021 7:36:02,0.00,11/15/2021 7:36:02,11/15/2021,Nov,2021,,,,,,
11/19/2021 7:40:42,1.38,11/15/2021 7:40:42,11/15/2021,Nov,2021,,,,,,
11/20/2021 13:40:12,0.00,11/15/2021 13:40:12,11/15/2021,Nov,2021,,,,,,
11/21/2021 6:24:11,0.00,11/15/2021 6:24:11,11/15/2021,Nov,2021,,,,,,
11/22/2021 7:05:09,0.00,11/22/2021 7:05:09,11/22/2021,Nov,2021,,,,,,
11/23/2021 6:46:32,0.00,11/22/2021 6:46:32,11/22/2021,Nov,2021,,,,,,
11/24/2021 5:43:04,1.36,11/22/2021 5:43:04,11/22/2021,Nov,2021,,,,,,
11/25/2021 6:17:14,1.51,11/22/2021 6:17:14,11/22/2021,Nov,2021,,,,,,
11/26/2021 7:04:31,0.01,11/22/2021 7:04:31,11/22/2021,Nov,2021,,,,,,
11/27/2021 6:45:46,0.00,11/22/2021 6:45:46,11/22/2021,Nov,2021,,,,,,
11/28/2021 6:15:01,0.00,11/22/2021 6:15:01,11/22/2021,Nov,2021,,,,,,
11/29/2021 7:28:07,0.00,11/29/2021 7:28:07,11/29/2021,Nov,2021,,,,,,
11/30/2021 5:58:10,0.00,11/29/2021 5:58:10,11/29/2021,Nov,2021,,,,,,
12/1/2021 7:57:09,0.00,11/29/2021 7:57:09,11/29/2021,Dec,2021,,,,,,
12/2/2021 7:37:57,0.00,11/29/2021 7:37:57,11/29/2021,Dec,2021,,,,,,
12/3/2021 8:50:11,0.00,11/29/2021 8:50:11,11/29/2021,Dec,2021,,,,,,
12/4/2021 6:58:07,0.00,11/29/2021 6:58:07,11/29/2021,Dec,2021,,,,,,
12/5/2021 7:41:26,0.00,11/29/2021 7:41:26,11/29/2021,Dec,2021,,,,,,
12/6/2021 5:10:18,0.00,12/6/2021 5:10:18,12/6/2021,Dec,2021,,,,,,
12/7/2021 15:35:01,0.00,12/6/2021 15:35:01,12/6/2021,Dec,2021,,,,,,
12/8/2021 7:03:18,0.00,12/6/2021 7:03:18,12/6/2021,Dec,2021,,,,,,
12/9/2021 7:07:53,0.00,12/6/2021 7:07:53,12/6/2021,Dec,2021,,,,,,
12/10/2021 6:40:17,0.00,12/6/2021 6:40:17,12/6/2021,Dec,2021,,,,,,
12/11/2021 15:28:26,0.03,12/6/2021 15:28:26,12/6/2021,Dec,2021,,,,,,
12/12/2021 16:16:18,0.01,12/6/2021 16:16:18,12/6/2021,Dec,2021,,,,,,
12/13/2021 6:40:06,0.00,12/13/2021 6:40:06,12/13/2021,Dec,2021,,,,,,
12/14/2021 14:45:36,0.00,12/13/2021 14:45:36,12/13/2021,Dec,2021,,,,,,
12/15/2021 15:08:12,0.00,12/13/2021 15:08:12,12/13/2021,Dec,2021,,,,,,
12/16/2021 7:13:49,0.00,12/13/2021 7:13:49,12/13/2021,Dec,2021,,,,,,
5/15/2022 21:02:41,0.00,5/9/2022 21:02:41,5/9/2022,May,2022,,,,,,
5/16/2022 15:15:19,0.01,5/16/2022 15:15:19,5/16/2022,May,2022,,,,,,
5/17/2022 7:11:25,0.00,5/16/2022 7:11:25,5/16/2022,May,2022,,,,,,
5/18/2022 6:32:42,0.00,5/16/2022 6:32:42,5/16/2022,May,2022,,,,,,
5/19/2022 7:17:41,0.00,5/16/2022 7:17:41,5/16/2022,May,2022,,,,,,
5/20/2022 7:13:20,1.09,5/16/2022 7:13:20,5/16/2022,May,2022,,,,,,
5/21/2022 5:06:54,0.00,5/16/2022 5:06:54,5/16/2022,May,2022,,,,,,
5/22/2022 7:30:21,0.00,5/16/2022 7:30:21,5/16/2022,May,2022,,,,,,
5/23/2022 6:11:40,1.35,5/23/2022 6:11:40,5/23/2022,May,2022,,,,,,
5/24/2022 8:21:31,0.00,5/23/2022 8:21:31,5/23/2022,May,2022,,,,,,
5/25/2022 6:50:34,0.00,5/23/2022 6:50:34,5/23/2022,May,2022,,,,,,
5/26/2022 6:51:12,0.00,5/23/2022 6:51:12,5/23/2022,May,2022,,,,,,
5/27/2022 6:57:21,0.00,5/23/2022 6:57:21,5/23/2022,May,2022,,,,,,
5/28/2022 7:56:39,0.00,5/23/2022 7:56:39,5/23/2022,May,2022,,,,,,
5/29/2022 6:24:58,1.34,5/23/2022 6:24:58,5/23/2022,May,2022,,,,,,
5/30/2022 4:35:03,0.01,5/30/2022 4:35:03,5/30/2022,May,2022,,,,,,
5/31/2022 4:07:44,0.00,5/30/2022 4:07:44,5/30/2022,May,2022,,,,,,
6/1/2022 4:55:35,0.00,5/30/2022 4:55:35,5/30/2022,Jun,2022,,,,,,
6/2/2022 6:58:37,0.00,5/30/2022 6:58:37,5/30/2022,Jun,2022,,,,,,
6/3/2022 7:39:32,0.00,5/30/2022 7:39:32,5/30/2022,Jun,2022,,,,,,
6/4/2022 7:21:53,0.00,5/30/2022 7:21:53,5/30/2022,Jun,2022,,,,,,
6/5/2022 14:47:45,0.00,5/30/2022 14:47:45,5/30/2022,Jun,2022,,,,,,
6/6/2022 7:37:01,0.03,6/6/2022 7:37:01,6/6/2022,Jun,2022,,,,,,
6/7/2022 7:25:11,0.00,6/6/2022 7:25:11,6/6/2022,Jun,2022,,,,,,
6/8/2022 7:11:27,0.00,6/6/2022 7:11:27,6/6/2022,Jun,2022,,,,,,
6/9/2022 15:35:02,0.00,6/6/2022 15:35:02,6/6/2022,Jun,2022,,,,,,
6/10/2022 6:26:45,0.00,6/6/2022 6:26:45,6/6/2022,Jun,2022,,,,,,
6/11/2022 6:14:03,0.00,6/6/2022 6:14:03,6/6/2022,Jun,2022,,,,,,
6/12/2022 4:09:21,0.00,6/6/2022 4:09:21,6/6/2022,Jun,2022,,,,,,
6/13/2022 6:16:52,0.00,6/13/2022 6:16:52,6/13/2022,Jun,2022,,,,,,
6/14/2022 15:15:51,0.00,6/13/2022 15:15:51,6/13/2022,Jun,2022,,,,,,
6/15/2022 7:35:10,0.00,6/13/2022 7:35:10,6/13/2022,Jun,2022,,,,,,
6/16/2022 6:37:34,0.00,6/13/2022 6:37:34,6/13/2022,Jun,2022,,,,,,
6/17/2022 13:12:11,1.34,6/13/2022 13:12:11,6/13/2022,Jun,2022,,,,,,
6/18/2022 6:03:06,0.00,6/13/2022 6:03:06,6/13/2022,Jun,2022,,,,,,
6/19/2022 6:51:46,0.00,6/13/2022 6:51:46,6/13/2022,Jun,2022,,,,,,
6/20/2022 6:49:53,1.43,6/20/2022 6:49:53,6/20/2022,Jun,2022,,,,,,
6/21/2022 7:29:57,0.00,6/20/2022 7:29:57,6/20/2022,Jun,2022,,,,,,
6/22/2022 7:44:48,0.00,6/20/2022 7:44:48,6/20/2022,Jun,2022,,,,,,
6/23/2022 6:53:57,0.00,6/20/2022 6:53:57,6/20/2022,Jun,2022,,,,,,
6/24/2022 7:41:09,0.00,6/20/2022 7:41:09,6/20/2022,Jun,2022,,,,,,
6/25/2022 8:04:09,0.00,6/20/2022 8:04:09,6/20/2022,Jun,2022,,,,,,
6/26/2022 6:11:15,0.00,6/20/2022 6:11:15,6/20/2022,Jun,2022,,,,,,
6/27/2022 7:20:09,0.00,6/27/2022 7:20:09,6/27/2022,Jun,2022,,,,,,
6/28/2022 14:55:03,0.00,6/27/2022 14:55:03,6/27/2022,Jun,2022,,,,,,
6/29/2022 6:28:34,0.00,6/27/2022 6:28:34,6/27/2022,Jun,2022,,,,,,
6/30/2022 7:32:56,0.00,6/27/2022 7:32:56,6/27/2022,Jun,2022,,,,,,
7/1/2022 7:27:55,1.25,6/27/2022 7:27:55,6/27/2022,Jul,2022,,,,,,
7/2/2022 7:17:49,0.00,6/27/2022 7:17:49,6/27/2022,Jul,2022,,,,,,
7/3/2022 12:15:08,0.01,6/27/2022 12:15:08,6/27/2022,Jul,2022,,,,,,
7/4/2022 5:17:42,0.00,7/4/2022 5:17:42,7/4/2022,Jul,2022,,,,,,
7/5/2022 11:20:41,0.02,7/4/2022 11:20:41,7/4/2022,Jul,2022,,,,,,
7/6/2022 10:48:26,0.00,7/4/2022 10:48:26,7/4/2022,Jul,2022,,,,,,
7/7/2022 15:29:24,0.00,7/4/2022 15:29:24,7/4/2022,Jul,2022,,,,,,
7/8/2022 21:59:08,0.00,7/4/2022 21:59:08,7/4/2022,Jul,2022,,,,,,
7/9/2022 6:48:05,0.00,7/4/2022 6:48:05,7/4/2022,Jul,2022,,,,,,
7/10/2022 5:55:11,0.00,7/4/2022 5:55:11,7/4/2022,Jul,2022,,,,,,
7/11/2022 16:02:41,0.00,7/11/2022 16:02:41,7/11/2022,Jul,2022,,,,,,
7/12/2022 7:17:14,0.00,7/11/2022 7:17:14,7/11/2022,Jul,2022,,,,,,
7/13/2022 15:35:54,0.00,7/11/2022 15:35:54,7/11/2022,Jul,2022,,,,,,
7/14/2022 15:35:03,0.00,7/11/2022 15:35:03,7/11/2022,Jul,2022,,,,,,
7/15/2022 7:43:44,0.00,7/11/2022 7:43:44,7/11/2022,Jul,2022,,,,,,
7/16/2022 6:50:49,0.00,7/11/2022 6:50:49,7/11/2022,Jul,2022,,,,,,
7/17/2022 15:35:04,0.00,7/11/2022 15:35:04,7/11/2022,Jul,2022,,,,,,
7/18/2022 7:57:59,1.13,7/18/2022 7:57:59,7/18/2022,Jul,2022,,,,,,
7/19/2022 15:27:47,0.00,7/18/2022 15:27:47,7/18/2022,Jul,2022,,,,,,
7/20/2022 12:17:57,0.00,7/18/2022 12:17:57,7/18/2022,Jul,2022,,,,,,
7/21/2022 7:39:17,0.00,7/18/2022 7:39:17,7/18/2022,Jul,2022,,,,,,
7/22/2022 7:06:19,0.00,7/18/2022 7:06:19,7/18/2022,Jul,2022,,,,,,
7/23/2022 7:30:35,0.00,7/18/2022 7:30:35,7/18/2022,Jul,2022,,,,,,
7/24/2022 14:49:10,0.00,7/18/2022 14:49:10,7/18/2022,Jul,2022,,,,,,
7/25/2022 5:02:11,0.00,7/25/2022 5:02:11,7/25/2022,Jul,2022,,,,,,
7/26/2022 15:16:42,0.00,7/25/2022 15:16:42,7/25/2022,Jul,2022,,,,,,
7/27/2022 15:32:56,0.00,7/25/2022 15:32:56,7/25/2022,Jul,2022,,,,,,
7/28/2022 7:02:27,0.00,7/25/2022 7:02:27,7/25/2022,Jul,2022,,,,,,
7/29/2022 7:42:35,0.00,7/25/2022 7:42:35,7/25/2022,Jul,2022,,,,,,
7/30/2022 15:35:39,0.00,7/25/2022 15:35:39,7/25/2022,Jul,2022,,,,,,
7/31/2022 8:14:30,0.01,7/25/2022 8:14:30,7/25/2022,Jul,2022,,,,,,
8/1/2022 5:37:41,0.00,8/1/2022 5:37:41,8/1/2022,Aug,2022,,,,,,
8/2/2022 5:17:31,0.00,8/1/2022 5:17:31,8/1/2022,Aug,2022,,,,,,
8/3/2022 7:01:16,0.00,8/1/2022 7:01:16,8/1/2022,Aug,2022,,,,,,
8/4/2022 8:38:56,0.00,8/1/2022 8:38:56,8/1/2022,Aug,2022,,,,,,
8/5/2022 15:35:13,0.00,8/1/2022 15:35:13,8/1/2022,Aug,2022,,,,,,
8/6/2022 8:17:59,0.00,8/1/2022 8:17:59,8/1/2022,Aug,2022,,,,,,
8/7/2022 5:08:23,0.00,8/1/2022 5:08:23,8/1/2022,Aug,2022,,,,,,
8/8/2022 4:15:02,0.00,8/8/2022 4:15:02,8/8/2022,Aug,2022,,,,,,
8/9/2022 7:40:11,0.00,8/8/2022 7:40:11,8/8/2022,Aug,2022,,,,,,
8/10/2022 6:17:27,0.00,8/8/2022 6:17:27,8/8/2022,Aug,2022,,,,,,
8/11/2022 5:38:29,0.00,8/8/2022 5:38:29,8/8/2022,Aug,2022,,,,,,
8/12/2022 5:30:35,0.00,8/8/2022 5:30:35,8/8/2022,Aug,2022,,,,,,
8/13/2022 7:26:38,0.00,8/8/2022 7:26:38,8/8/2022,Aug,2022,,,,,,
8/14/2022 7:25:13,0.00,8/8/2022 7:25:13,8/8/2022,Aug,2022,,,,,,
8/15/2022 15:14:31,0.00,8/15/2022 15:14:31,8/15/2022,Aug,2022,,,,,,
8/16/2022 11:07:51,0.01,8/15/2022 11:07:51,8/15/2022,Aug,2022,,,,,,
8/17/2022 10:56:28,0.00,8/15/2022 10:56:28,8/15/2022,Aug,2022,,,,,,
8/18/2022 5:50:29,0.00,8/15/2022 5:50:29,8/15/2022,Aug,2022,,,,,,
8/19/2022 6:27:08,0.00,8/15/2022 6:27:08,8/15/2022,Aug,2022,,,,,,
8/20/2022 6:14:26,0.01,8/15/2022 6:14:26,8/15/2022,Aug,2022,,,,,,
8/21/2022 10:39:19,0.00,8/15/2022 10:39:19,8/15/2022,Aug,2022,,,,,,
8/22/2022 9:49:11,0.00,8/22/2022 9:49:11,8/22/2022,Aug,2022,,,,,,
8/23/2022 15:35:30,0.00,8/22/2022 15:35:30,8/22/2022,Aug,2022,,,,,,
8/24/2022 7:09:30,0.00,8/22/2022 7:09:30,8/22/2022,Aug,2022,,,,,,
8/25/2022 7:08:42,0.00,8/22/2022 7:08:42,8/22/2022,Aug,2022,,,,,,
8/26/2022 12:32:45,0.00,8/22/2022 12:32:45,8/22/2022,Aug,2022,,,,,,
8/27/2022 15:35:34,0.00,8/22/2022 15:35:34,8/22/2022,Aug,2022,,,,,,
8/28/2022 7:20:37,0.00,8/22/2022 7:20:37,8/22/2022,Aug,2022,,,,,,
8/29/2022 22:49:15,0.00,8/29/2022 22:49:15,8/29/2022,Aug,2022,,,,,,
8/30/2022 6:57:07,0.00,8/29/2022 6:57:07,8/29/2022,Aug,2022,,,,,,
8/31/2022 7:38:23,0.00,8/29/2022 7:38:23,8/29/2022,Aug,2022,,,,,,
9/1/2022 7:56:12,0.00,8/29/2022 7:56:12,8/29/2022,Sep,2022,,,,,,
9/2/2022 7:09:46,0.00,8/29/2022 7:09:46,8/29/2022,Sep,2022,,,,,,
9/3/2022 7:54:19,0.00,8/29/2022 7:54:19,8/29/2022,Sep,2022,,,,,,
9/4/2022 8:24:37,1.35,8/29/2022 8:24:37,8/29/2022,Sep,2022,,,,,,
9/5/2022 7:24:24,0.00,9/5/2022 7:24:24,9/5/2022,Sep,2022,,,,,,
9/6/2022 15:35:01,0.00,9/5/2022 15:35:01,9/5/2022,Sep,2022,,,,,,
9/7/2022 7:27:10,0.00,9/5/2022 7:27:10,9/5/2022,Sep,2022,,,,,,
9/8/2022 6:57:31,0.00,9/5/2022 6:57:31,9/5/2022,Sep,2022,,,,,,
9/9/2022 8:04:00,0.00,9/5/2022 8:04:00,9/5/2022,Sep,2022,,,,,,
9/10/2022 15:35:18,0.00,9/5/2022 15:35:18,9/5/2022,Sep,2022,,,,,,
9/11/2022 7:51:56,0.00,9/5/2022 7:51:56,9/5/2022,Sep,2022,,,,,,
9/12/2022 16:40:57,1.45,9/12/2022 16:40:57,9/12/2022,Sep,2022,,,,,,
9/13/2022 4:55:40,0.00,9/12/2022 4:55:40,9/12/2022,Sep,2022,,,,,,
9/14/2022 7:08:15,0.00,9/12/2022 7:08:15,9/12/2022,Sep,2022,,,,,,
9/15/2022 5:59:06,0.00,9/12/2022 5:59:06,9/12/2022,Sep,2022,,,,,,
9/16/2022 15:13:57,0.00,9/12/2022 15:13:57,9/12/2022,Sep,2022,,,,,,
9/17/2022 12:30:17,0.00,9/12/2022 12:30:17,9/12/2022,Sep,2022,,,,,,
9/18/2022 5:26:55,0.00,9/12/2022 5:26:55,9/12/2022,Sep,2022,,,,,,
9/19/2022 12:44:42,0.00,9/19/2022 12:44:42,9/19/2022,Sep,2022,,,,,,
9/20/2022 7:35:03,0.00,9/19/2022 7:35:03,9/19/2022,Sep,2022,,,,,,
9/21/2022 7:30:44,0.00,9/19/2022 7:30:44,9/19/2022,Sep,2022,,,,,,
9/22/2022 7:22:52,0.00,9/19/2022 7:22:52,9/19/2022,Sep,2022,,,,,,
9/23/2022 4:10:37,2.61,9/19/2022 4:10:37,9/19/2022,Sep,2022,,,,,,
9/24/2022 15:35:14,0.00,9/19/2022 15:35:14,9/19/2022,Sep,2022,,,,,,
9/25/2022 15:36:03,0.00,9/19/2022 15:36:03,9/19/2022,Sep,2022,,,,,,
9/26/2022 7:31:30,0.00,9/26/2022 7:31:30,9/26/2022,Sep,2022,,,,,,
9/27/2022 14:35:12,0.00,9/26/2022 14:35:12,9/26/2022,Sep,2022,,,,,,
9/28/2022 12:35:02,0.00,9/26/2022 12:35:02,9/26/2022,Sep,2022,,,,,,
9/29/2022 4:06:00,0.00,9/26/2022 4:06:00,9/26/2022,Sep,2022,,,,,,
9/30/2022 10:11:10,0.01,9/26/2022 10:11:10,9/26/2022,Sep,2022,,,,,,
10/1/2022 11:53:33,0.01,9/26/2022 11:53:33,9/26/2022,Oct,2022,,,,,,
10/2/2022 12:59:04,0.00,9/26/2022 12:59:04,9/26/2022,Oct,2022,,,,,,
10/3/2022 14:49:56,0.00,10/3/2022 14:49:56,10/3/2022,Oct,2022,,,,,,
10/4/2022 10:35:22,0.00,10/3/2022 10:35:22,10/3/2022,Oct,2022,,,,,,
10/5/2022 14:01:48,0.00,10/3/2022 14:01:48,10/3/2022,Oct,2022,,,,,,
10/6/2022 7:29:55,0.00,10/3/2022 7:29:55,10/3/2022,Oct,2022,,,,,,
10/7/2022 17:35:11,0.00,10/3/2022 17:35:11,10/3/2022,Oct,2022,,,,,,
10/8/2022 7:10:19,0.00,10/3/2022 7:10:19,10/3/2022,Oct,2022,,,,,,
10/9/2022 15:28:51,0.00,10/3/2022 15:28:51,10/3/2022,Oct,2022,,,,,,
10/10/2022 8:04:45,1.46,10/10/2022 8:04:45,10/10/2022,Oct,2022,,,,,,
10/11/2022 7:26:31,0.00,10/10/2022 7:26:31,10/10/2022,Oct,2022,,,,,,
10/12/2022 15:17:55,0.00,10/10/2022 15:17:55,10/10/2022,Oct,2022,,,,,,
10/13/2022 7:45:06,0.00,10/10/2022 7:45:06,10/10/2022,Oct,2022,,,,,,
10/14/2022 6:21:30,0.00,10/10/2022 6:21:30,10/10/2022,Oct,2022,,,,,,
10/15/2022 16:15:02,0.00,10/10/2022 16:15:02,10/10/2022,Oct,2022,,,,,,
10/16/2022 6:07:47,1.34,10/10/2022 6:07:47,10/10/2022,Oct,2022,,,,,,
10/17/2022 7:34:15,0.00,10/17/2022 7:34:15,10/17/2022,Oct,2022,,,,,,
10/18/2022 7:20:53,0.00,10/17/2022 7:20:53,10/17/2022,Oct,2022,,,,,,
10/19/2022 7:20:15,0.00,10/17/2022 7:20:15,10/17/2022,Oct,2022,,,,,,
10/20/2022 7:18:38,0.00,10/17/2022 7:18:38,10/17/2022,Oct,2022,,,,,,
10/21/2022 7:03:14,1.31,10/17/2022 7:03:14,10/17/2022,Oct,2022,,,,,,
10/22/2022 7:36:51,0.00,10/17/2022 7:36:51,10/17/2022,Oct,2022,,,,,,
10/23/2022 14:50:09,0.00,10/17/2022 14:50:09,10/17/2022,Oct,2022,,,,,,
10/24/2022 7:28:47,0.00,10/24/2022 7:28:47,10/24/2022,Oct,2022,,,,,,
10/25/2022 7:18:43,0.00,10/24/2022 7:18:43,10/24/2022,Oct,2022,,,,,,
10/26/2022 7:47:06,0.00,10/24/2022 7:47:06,10/24/2022,Oct,2022,,,,,,
10/27/2022 6:19:25,0.00,10/24/2022 6:19:25,10/24/2022,Oct,2022,,,,,,
10/28/2022 7:29:39,0.00,10/24/2022 7:29:39,10/24/2022,Oct,2022,,,,,,
10/29/2022 18:21:07,0.00,10/24/2022 18:21:07,10/24/2022,Oct,2022,,,,,,
10/30/2022 17:15:02,0.00,10/24/2022 17:15:02,10/24/2022,Oct,2022,,,,,,
10/31/2022 7:21:44,0.00,10/31/2022 7:21:44,10/31/2022,Oct,2022,,,,,,
11/1/2022 7:27:18,0.00,10/31/2022 7:27:18,10/31/2022,Nov,2022,,,,,,
11/2/2022 8:07:07,0.00,10/31/2022 8:07:07,10/31/2022,Nov,2022,,,,,,
11/3/2022 4:59:44,0.00,10/31/2022 4:59:44,10/31/2022,Nov,2022,,,,,,
11/4/2022 8:43:09,0.00,10/31/2022 8:43:09,10/31/2022,Nov,2022,,,,,,
11/5/2022 15:23:44,0.00,10/31/2022 15:23:44,10/31/2022,Nov,2022,,,,,,
11/6/2022 8:15:37,0.00,10/31/2022 8:15:37,10/31/2022,Nov,2022,,,,,,
11/7/2022 16:20:33,0.00,11/7/2022 16:20:33,11/7/2022,Nov,2022,,,,,,
11/8/2022 14:46:06,0.00,11/7/2022 14:46:06,11/7/2022,Nov,2022,,,,,,
11/9/2022 16:17:58,0.00,11/7/2022 16:17:58,11/7/2022,Nov,2022,,,,,,
11/10/2022 15:16:39,0.00,11/7/2022 15:16:39,11/7/2022,Nov,2022,,,,,,
11/11/2022 19:26:26,0.00,11/7/2022 19:26:26,11/7/2022,Nov,2022,,,,,,
11/12/2022 5:07:44,0.00,11/7/2022 5:07:44,11/7/2022,Nov,2022,,,,,,
11/13/2022 12:46:13,0.00,11/7/2022 12:46:13,11/7/2022,Nov,2022,,,,,,
11/14/2022 13:55:43,0.01,11/14/2022 13:55:43,11/14/2022,Nov,2022,,,,,,
11/15/2022 12:41:02,0.01,11/14/2022 12:41:02,11/14/2022,Nov,2022,,,,,,
11/16/2022 11:30:44,0.02,11/14/2022 11:30:44,11/14/2022,Nov,2022,,,,,,
11/17/2022 10:01:33,0.03,11/14/2022 10:01:33,11/14/2022,Nov,2022,,,,,,
11/18/2022 13:46:47,0.02,11/14/2022 13:46:47,11/14/2022,Nov,2022,,,,,,
11/19/2022 14:19:24,0.09,11/14/2022 14:19:24,11/14/2022,Nov,2022,,,,,,
11/20/2022 11:35:02,0.00,11/14/2022 11:35:02,11/14/2022,Nov,2022,,,,,,
11/21/2022 7:32:42,0.00,11/21/2022 7:32:42,11/21/2022,Nov,2022,,,,,,
11/22/2022 7:39:49,0.00,11/21/2022 7:39:49,11/21/2022,Nov,2022,,,,,,
11/23/2022 6:45:07,0.00,11/21/2022 6:45:07,11/21/2022,Nov,2022,,,,,,
11/24/2022 7:12:18,0.00,11/21/2022 7:12:18,11/21/2022,Nov,2022,,,,,,
11/25/2022 10:52:31,0.00,11/21/2022 10:52:31,11/21/2022,Nov,2022,,,,,,
11/26/2022 13:07:25,0.00,11/21/2022 13:07:25,11/21/2022,Nov,2022,,,,,,
11/27/2022 10:15:03,0.00,11/21/2022 10:15:03,11/21/2022,Nov,2022,,,,,,
11/28/2022 7:51:52,0.00,11/28/2022 7:51:52,11/28/2022,Nov,2022,,,,,,
11/29/2022 5:33:30,0.00,11/28/2022 5:33:30,11/28/2022,Nov,2022,,,,,,
11/30/2022 6:16:18,0.00,11/28/2022 6:16:18,11/28/2022,Nov,2022,,,,,,
12/1/2022 8:30:27,0.00,11/28/2022 8:30:27,11/28/2022,Dec,2022,,,,,,
12/2/2022 8:12:03,0.00,11/28/2022 8:12:03,11/28/2022,Dec,2022,,,,,,
12/3/2022 16:35:02,0.00,11/28/2022 16:35:02,11/28/2022,Dec,2022,,,,,,
12/4/2022 6:33:40,0.00,11/28/2022 6:33:40,11/28/2022,Dec,2022,,,,,,
12/5/2022 10:05:24,0.00,12/5/2022 10:05:24,12/5/2022,Dec,2022,,,,,,
12/6/2022 7:51:00,0.00,12/5/2022 7:51:00,12/5/2022,Dec,2022,,,,,,
12/7/2022 8:50:40,0.00,12/5/2022 8:50:40,12/5/2022,Dec,2022,,,,,,
12/8/2022 7:39:21,0.00,12/5/2022 7:39:21,12/5/2022,Dec,2022,,,,,,
12/9/2022 8:58:42,0.00,12/5/2022 8:58:42,12/5/2022,Dec,2022,,,,,,
12/10/2022 8:53:36,0.00,12/5/2022 8:53:36,12/5/2022,Dec,2022,,,,,,
12/11/2022 7:49:41,0.00,12/5/2022 7:49:41,12/5/2022,Dec,2022,,,,,,
12/12/2022 8:54:53,0.00,12/12/2022 8:54:53,12/12/2022,Dec,2022,,,,,,
12/13/2022 8:08:20,0.00,12/12/2022 8:08:20,12/12/2022,Dec,2022,,,,,,
12/14/2022 15:55:03,0.00,12/12/2022 15:55:03,12/12/2022,Dec,2022,,,,,,
12/15/2022 16:36:25,0.00,12/12/2022 16:36:25,12/12/2022,Dec,2022,,,,,,
12/16/2022 8:56:14,0.00,12/12/2022 8:56:14,12/12/2022,Dec,2022,,,,,,
12/17/2022 16:15:01,0.00,12/12/2022 16:15:01,12/12/2022,Dec,2022,,,,,,
12/18/2022 9:08:43,0.01,12/12/2022 9:08:43,12/12/2022,Dec,2022,,,,,,
12/19/2022 14:30:17,0.00,12/19/2022 14:30:17,12/19/2022,Dec,2022,,,,,,
12/20/2022 16:26:43,0.00,12/19/2022 16:26:43,12/19/2022,Dec,2022,,,,,,
12/21/2022 8:34:02,0.01,12/19/2022 8:34:02,12/19/2022,Dec,2022,,,,,,
12/22/2022 16:19:59,0.00,12/19/2022 16:19:59,12/19/2022,Dec,2022,,,,,,
12/23/2022 6:29:29,0.00,12/19/2022 6:29:29,12/19/2022,Dec,2022,,,,,,
12/24/2022 5:04:44,0.01,12/19/2022 5:04:44,12/19/2022,Dec,2022,,,,,,
12/25/2022 5:55:03,0.01,12/19/2022 5:55:03,12/19/2022,Dec,2022,,,,,,
12/26/2022 6:07:02,0.04,12/26/2022 6:07:02,12/26/2022,Dec,2022,,,,,,
12/27/2022 5:53:14,0.00,12/26/2022 5:53:14,12/26/2022,Dec,2022,,,,,,
12/28/2022 16:19:38,0.00,12/26/2022 16:19:38,12/26/2022,Dec,2022,,,,,,
12/29/2022 8:25:40,0.00,12/26/2022 8:25:40,12/26/2022,Dec,2022,,,,,,
12/30/2022 6:56:59,0.00,12/26/2022 6:56:59,12/26/2022,Dec,2022,,,,,,
12/31/2022 17:35:03,0.00,12/26/2022 17:35:03,12/26/2022,Dec,2022,,,,,,
1/1/2023 5:13:39,0.00,12/26/2022 5:13:39,12/26/2022,Jan,2023,,,,,,
1/2/2023 5:42:29,0.00,1/2/2023 5:42:29,1/2/2023,Jan,2023,,,,,,
1/3/2023 8:07:35,0.00,1/2/2023 8:07:35,1/2/2023,Jan,2023,,,,,,
1/4/2023 8:38:35,0.00,1/2/2023 8:38:35,1/2/2023,Jan,2023,,,,,,
1/5/2023 8:52:10,0.00,1/2/2023 8:52:10,1/2/2023,Jan,2023,,,,,,
1/6/2023 5:32:00,0.00,1/2/2023 5:32:00,1/2/2023,Jan,2023,,,,,,
1/7/2023 9:06:32,1.30,1/2/2023 9:06:32,1/2/2023,Jan,2023,,,,,,
1/8/2023 8:41:26,0.00,1/2/2023 8:41:26,1/2/2023,Jan,2023,,,,,,
1/9/2023 15:52:35,0.00,1/9/2023 15:52:35,1/9/2023,Jan,2023,,,,,,
1/10/2023 8:13:29,0.00,1/9/2023 8:13:29,1/9/2023,Jan,2023,,,,,,
1/11/2023 7:56:36,0.00,1/9/2023 7:56:36,1/9/2023,Jan,2023,,,,,,
1/12/2023 15:56:18,0.00,1/9/2023 15:56:18,1/9/2023,Jan,2023,,,,,,
1/13/2023 7:15:14,1.39,1/9/2023 7:15:14,1/9/2023,Jan,2023,,,,,,
1/14/2023 8:23:58,0.00,1/9/2023 8:23:58,1/9/2023,Jan,2023,,,,,,
1/15/2023 6:05:21,0.00,1/9/2023 6:05:21,1/9/2023,Jan,2023,,,,,,
1/16/2023 9:15:13,1.34,1/16/2023 9:15:13,1/16/2023,Jan,2023,,,,,,
1/17/2023 16:15:01,0.00,1/16/2023 16:15:01,1/16/2023,Jan,2023,,,,,,
1/18/2023 8:02:29,0.00,1/16/2023 8:02:29,1/16/2023,Jan,2023,,,,,,
1/19/2023 15:45:30,0.00,1/16/2023 15:45:30,1/16/2023,Jan,2023,,,,,,
1/20/2023 7:29:04,0.00,1/16/2023 7:29:04,1/16/2023,Jan,2023,,,,,,
1/21/2023 18:49:52,1.44,1/16/2023 18:49:52,1/16/2023,Jan,2023,,,,,,
1/22/2023 6:55:54,0.01,1/16/2023 6:55:54,1/16/2023,Jan,2023,,,,,,
1/23/2023 8:38:41,0.00,1/23/2023 8:38:41,1/23/2023,Jan,2023,,,,,,
1/24/2023 9:06:42,0.00,1/23/2023 9:06:42,1/23/2023,Jan,2023,,,,,,
1/25/2023 8:34:54,0.00,1/23/2023 8:34:54,1/23/2023,Jan,2023,,,,,,
1/26/2023 6:59:04,0.00,1/23/2023 6:59:04,1/23/2023,Jan,2023,,,,,,
1/27/2023 6:17:19,0.04,1/23/2023 6:17:19,1/23/2023,Jan,2023,,,,,,
1/28/2023 7:42:54,0.00,1/23/2023 7:42:54,1/23/2023,Jan,2023,,,,,,
1/29/2023 8:43:31,0.00,1/23/2023 8:43:31,1/23/2023,Jan,2023,,,,,,
1/30/2023 9:03:38,1.39,1/30/2023 9:03:38,1/30/2023,Jan,2023,,,,,,
1/31/2023 16:35:02,0.00,1/30/2023 16:35:02,1/30/2023,Jan,2023,,,,,,
2/1/2023 8:22:26,0.00,1/30/2023 8:22:26,1/30/2023,Feb,2023,,,,,,
2/2/2023 8:42:45,0.00,1/30/2023 8:42:45,1/30/2023,Feb,2023,,,,,,
2/3/2023 7:31:08,0.00,1/30/2023 7:31:08,1/30/2023,Feb,2023,,,,,,
2/4/2023 8:19:18,1.41,1/30/2023 8:19:18,1/30/2023,Feb,2023,,,,,,
2/5/2023 18:10:08,1.40,1/30/2023 18:10:08,1/30/2023,Feb,2023,,,,,,
2/6/2023 16:35:27,0.00,2/6/2023 16:35:27,2/6/2023,Feb,2023,,,,,,
2/7/2023 16:17:31,0.00,2/6/2023 16:17:31,2/6/2023,Feb,2023,,,,,,
2/8/2023 7:53:41,0.00,2/6/2023 7:53:41,2/6/2023,Feb,2023,,,,,,
2/9/2023 15:54:17,0.00,2/6/2023 15:54:17,2/6/2023,Feb,2023,,,,,,
2/10/2023 12:12:18,0.02,2/6/2023 12:12:18,2/6/2023,Feb,2023,,,,,,
2/11/2023 8:12:15,0.00,2/6/2023 8:12:15,2/6/2023,Feb,2023,,,,,,
2/12/2023 7:15:02,0.00,2/6/2023 7:15:02,2/6/2023,Feb,2023,,,,,,
2/13/2023 7:52:56,0.00,2/13/2023 7:52:56,2/13/2023,Feb,2023,,,,,,
2/14/2023 6:41:42,0.00,2/13/2023 6:41:42,2/13/2023,Feb,2023,,,,,,
2/15/2023 16:35:22,0.00,2/13/2023 16:35:22,2/13/2023,Feb,2023,,,,,,
2/16/2023 8:25:35,0.00,2/13/2023 8:25:35,2/13/2023,Feb,2023,,,,,,
2/17/2023 7:50:37,0.00,2/13/2023 7:50:37,2/13/2023,Feb,2023,,,,,,
2/18/2023 9:10:28,0.00,2/13/2023 9:10:28,2/13/2023,Feb,2023,,,,,,
2/19/2023 5:47:58,0.12,2/13/2023 5:47:58,2/13/2023,Feb,2023,,,,,,
2/20/2023 12:02:18,0.00,2/20/2023 12:02:18,2/20/2023,Feb,2023,,,,,,
2/21/2023 16:35:29,0.00,2/20/2023 16:35:29,2/20/2023,Feb,2023,,,,,,
2/22/2023 16:35:02,0.00,2/20/2023 16:35:02,2/20/2023,Feb,2023,,,,,,
2/23/2023 9:25:02,0.00,2/20/2023 9:25:02,2/20/2023,Feb,2023,,,,,,
2/24/2023 7:02:11,1.43,2/20/2023 7:02:11,2/20/2023,Feb,2023,,,,,,
2/25/2023 16:15:02,0.00,2/20/2023 16:15:02,2/20/2023,Feb,2023,,,,,,
2/26/2023 16:35:39,0.00,2/20/2023 16:35:39,2/20/2023,Feb,2023,,,,,,
2/27/2023 9:08:37,0.00,2/27/2023 9:08:37,2/27/2023,Feb,2023,,,,,,
2/28/2023 8:37:26,0.00,2/27/2023 8:37:26,2/27/2023,Feb,2023,,,,,,
3/1/2023 8:08:03,0.00,2/27/2023 8:08:03,2/27/2023,Mar,2023,,,,,,
3/2/2023 7:07:26,0.00,2/27/2023 7:07:26,2/27/2023,Mar,2023,,,,,,
3/3/2023 6:26:23,0.00,2/27/2023 6:26:23,2/27/2023,Mar,2023,,,,,,
3/4/2023 8:40:32,0.00,2/27/2023 8:40:32,2/27/2023,Mar,2023,,,,,,
3/5/2023 16:25:36,0.00,2/27/2023 16:25:36,2/27/2023,Mar,2023,,,,,,
3/6/2023 7:53:34,0.00,3/6/2023 7:53:34,3/6/2023,Mar,2023,,,,,,
3/7/2023 8:39:19,0.00,3/6/2023 8:39:19,3/6/2023,Mar,2023,,,,,,
3/8/2023 8:21:47,0.00,3/6/2023 8:21:47,3/6/2023,Mar,2023,,,,,,
3/9/2023 8:34:00,0.00,3/6/2023 8:34:00,3/6/2023,Mar,2023,,,,,,
3/10/2023 8:37:05,0.00,3/6/2023 8:37:05,3/6/2023,Mar,2023,,,,,,
3/11/2023 7:58:26,0.00,3/6/2023 7:58:26,3/6/2023,Mar,2023,,,,,,
3/12/2023 8:25:43,0.00,3/6/2023 8:25:43,3/6/2023,Mar,2023,,,,,,
3/13/2023 4:40:16,1.45,3/13/2023 4:40:16,3/13/2023,Mar,2023,,,,,,
3/14/2023 6:28:05,0.00,3/13/2023 6:28:05,3/13/2023,Mar,2023,,,,,,
3/15/2023 14:55:01,0.00,3/13/2023 14:55:01,3/13/2023,Mar,2023,,,,,,
3/16/2023 7:26:29,0.00,3/13/2023 7:26:29,3/13/2023,Mar,2023,,,,,,
3/17/2023 15:15:04,0.00,3/13/2023 15:15:04,3/13/2023,Mar,2023,,,,,,
3/18/2023 7:04:11,1.30,3/13/2023 7:04:11,3/13/2023,Mar,2023,,,,,,
3/19/2023 5:58:37,0.00,3/13/2023 5:58:37,3/13/2023,Mar,2023,,,,,,
3/20/2023 12:55:29,0.00,3/20/2023 12:55:29,3/20/2023,Mar,2023,,,,,,
3/21/2023 13:39:02,0.00,3/20/2023 13:39:02,3/20/2023,Mar,2023,,,,,,
3/22/2023 15:15:02,0.00,3/20/2023 15:15:02,3/20/2023,Mar,2023,,,,,,
3/23/2023 15:17:40,0.00,3/20/2023 15:17:40,3/20/2023,Mar,2023,,,,,,
3/24/2023 6:58:14,0.00,3/20/2023 6:58:14,3/20/2023,Mar,2023,,,,,,
3/25/2023 14:55:03,0.00,3/20/2023 14:55:03,3/20/2023,Mar,2023,,,,,,
3/26/2023 5:48:20,0.00,3/20/2023 5:48:20,3/20/2023,Mar,2023,,,,,,
3/27/2023 7:44:39,1.73,3/27/2023 7:44:39,3/27/2023,Mar,2023,,,,,,
3/28/2023 15:21:35,0.00,3/27/2023 15:21:35,3/27/2023,Mar,2023,,,,,,
3/29/2023 7:19:19,0.00,3/27/2023 7:19:19,3/27/2023,Mar,2023,,,,,,
3/30/2023 14:55:01,0.00,3/27/2023 14:55:01,3/27/2023,Mar,2023,,,,,,
3/31/2023 5:16:28,0.00,3/27/2023 5:16:28,3/27/2023,Mar,2023,,,,,,
4/1/2023 4:15:03,0.04,3/27/2023 4:15:03,3/27/2023,Apr,2023,,,,,,
4/2/2023 4:15:03,0.00,3/27/2023 4:15:03,3/27/2023,Apr,2023,,,,,,
4/3/2023 4:02:03,0.00,4/3/2023 4:02:03,4/3/2023,Apr,2023,,,,,,
4/4/2023 14:55:02,0.00,4/3/2023 14:55:02,4/3/2023,Apr,2023,,,,,,
4/5/2023 6:06:40,0.01,4/3/2023 6:06:40,4/3/2023,Apr,2023,,,,,,
4/6/2023 6:27:39,0.00,4/3/2023 6:27:39,4/3/2023,Apr,2023,,,,,,
4/7/2023 5:52:13,0.00,4/3/2023 5:52:13,4/3/2023,Apr,2023,,,,,,
4/8/2023 6:12:44,0.00,4/3/2023 6:12:44,4/3/2023,Apr,2023,,,,,,
4/9/2023 6:27:09,0.00,4/3/2023 6:27:09,4/3/2023,Apr,2023,,,,,,
4/10/2023 7:21:14,2.06,4/10/2023 7:21:14,4/10/2023,Apr,2023,,,,,,
4/11/2023 4:24:25,0.00,4/10/2023 4:24:25,4/10/2023,Apr,2023,,,,,,
4/12/2023 5:53:34,0.00,4/10/2023 5:53:34,4/10/2023,Apr,2023,,,,,,
4/13/2023 5:11:09,0.00,4/10/2023 5:11:09,4/10/2023,Apr,2023,,,,,,
4/14/2023 5:29:59,0.00,4/10/2023 5:29:59,4/10/2023,Apr,2023,,,,,,
4/15/2023 7:06:54,1.54,4/10/2023 7:06:54,4/10/2023,Apr,2023,,,,,,
4/16/2023 5:33:30,0.05,4/10/2023 5:33:30,4/10/2023,Apr,2023,,,,,,
4/17/2023 9:14:52,0.01,4/17/2023 9:14:52,4/17/2023,Apr,2023,,,,,,
4/18/2023 4:10:14,0.00,4/17/2023 4:10:14,4/17/2023,Apr,2023,,,,,,
4/19/2023 5:26:58,0.00,4/17/2023 5:26:58,4/17/2023,Apr,2023,,,,,,
4/20/2023 6:13:23,0.00,4/17/2023 6:13:23,4/17/2023,Apr,2023,,,,,,
4/21/2023 6:36:28,0.00,4/17/2023 6:36:28,4/17/2023,Apr,2023,,,,,,
4/22/2023 6:16:59,0.00,4/17/2023 6:16:59,4/17/2023,Apr,2023,,,,,,
4/23/2023 14:55:03,0.00,4/17/2023 14:55:03,4/17/2023,Apr,2023,,,,,,
4/24/2023 6:59:14,1.73,4/24/2023 6:59:14,4/24/2023,Apr,2023,,,,,,
4/25/2023 7:01:54,0.00,4/24/2023 7:01:54,4/24/2023,Apr,2023,,,,,,
4/26/2023 7:58:02,0.00,4/24/2023 7:58:02,4/24/2023,Apr,2023,,,,,,
4/27/2023 15:36:04,0.00,4/24/2023 15:36:04,4/24/2023,Apr,2023,,,,,,
4/28/2023 7:17:32,0.00,4/24/2023 7:17:32,4/24/2023,Apr,2023,,,,,,
4/29/2023 6:05:26,0.00,4/24/2023 6:05:26,4/24/2023,Apr,2023,,,,,,
4/30/2023 4:20:42,0.00,4/24/2023 4:20:42,4/24/2023,Apr,2023,,,,,,
5/1/2023 5:09:13,0.00,5/1/2023 5:09:13,5/1/2023,May,2023,,,,,,
5/2/2023 13:59:20,0.01,5/1/2023 13:59:20,5/1/2023,May,2023,,,,,,
5/3/2023 4:21:06,0.00,5/1/2023 4:21:06,5/1/2023,May,2023,,,,,,
5/4/2023 6:28:11,2.23,5/1/2023 6:28:11,5/1/2023,May,2023,,,,,,
5/5/2023 7:08:25,2.28,5/1/2023 7:08:25,5/1/2023,May,2023,,,,,,
5/6/2023 16:03:40,1.97,5/1/2023 16:03:40,5/1/2023,May,2023,,,,,,
5/7/2023 7:26:10,2.01,5/1/2023 7:26:10,5/1/2023,May,2023,,,,,,
5/8/2023 7:04:21,0.00,5/8/2023 7:04:21,5/8/2023,May,2023,,,,,,
5/9/2023 4:08:33,1.03,5/8/2023 4:08:33,5/8/2023,May,2023,,,,,,
5/10/2023 11:11:53,0.00,5/8/2023 11:11:53,5/8/2023,May,2023,,,,,,
5/11/2023 16:22:39,2.55,5/8/2023 16:22:39,5/8/2023,May,2023,,,,,,
5/12/2023 17:12:08,1.65,5/8/2023 17:12:08,5/8/2023,May,2023,,,,,,
5/13/2023 7:43:40,0.00,5/8/2023 7:43:40,5/8/2023,May,2023,,,,,,
5/14/2023 4:12:15,0.00,5/8/2023 4:12:15,5/8/2023,May,2023,,,,,,
5/15/2023 7:06:49,0.00,5/15/2023 7:06:49,5/15/2023,May,2023,,,,,,
5/16/2023 4:10:42,0.00,5/15/2023 4:10:42,5/15/2023,May,2023,,,,,,
5/17/2023 7:18:39,2.12,5/15/2023 7:18:39,5/15/2023,May,2023,,,,,,
5/18/2023 7:29:24,2.98,5/15/2023 7:29:24,5/15/2023,May,2023,,,,,,
5/19/2023 7:33:15,2.19,5/15/2023 7:33:15,5/15/2023,May,2023,,,,,,
5/20/2023 7:49:46,0.00,5/15/2023 7:49:46,5/15/2023,May,2023,,,,,,
5/21/2023 12:49:23,2.18,5/15/2023 12:49:23,5/15/2023,May,2023,,,,,,
5/22/2023 8:04:31,1.95,5/22/2023 8:04:31,5/22/2023,May,2023,,,,,,
5/23/2023 16:51:00,0.00,5/22/2023 16:51:00,5/22/2023,May,2023,,,,,,
5/24/2023 14:01:57,2.04,5/22/2023 14:01:57,5/22/2023,May,2023,,,,,,
5/25/2023 15:43:36,1.90,5/22/2023 15:43:36,5/22/2023,May,2023,,,,,,
5/26/2023 6:52:00,1.91,5/22/2023 6:52:00,5/22/2023,May,2023,,,,,,
5/27/2023 6:27:41,0.01,5/22/2023 6:27:41,5/22/2023,May,2023,,,,,,
5/28/2023 5:04:45,0.00,5/22/2023 5:04:45,5/22/2023,May,2023,,,,,,
5/29/2023 5:00:08,0.00,5/29/2023 5:00:08,5/29/2023,May,2023,,,,,,
5/30/2023 4:56:39,0.00,5/29/2023 4:56:39,5/29/2023,May,2023,,,,,,
5/31/2023 4:18:04,2.06,5/29/2023 4:18:04,5/29/2023,May,2023,,,,,,
6/1/2023 6:31:40,1.98,5/29/2023 6:31:40,5/29/2023,Jun,2023,,,,,,
6/2/2023 5:31:36,2.03,5/29/2023 5:31:36,5/29/2023,Jun,2023,,,,,,
6/3/2023 4:53:44,1.97,5/29/2023 4:53:44,5/29/2023,Jun,2023,,,,,,
6/4/2023 6:02:01,2.78,5/29/2023 6:02:01,5/29/2023,Jun,2023,,,,,,
6/5/2023 6:13:07,0.00,6/5/2023 6:13:07,6/5/2023,Jun,2023,,,,,,
6/6/2023 17:33:35,0.00,6/5/2023 17:33:35,6/5/2023,Jun,2023,,,,,,
6/7/2023 16:15:01,0.00,6/5/2023 16:15:01,6/5/2023,Jun,2023,,,,,,
6/8/2023 6:19:20,0.00,6/5/2023 6:19:20,6/5/2023,Jun,2023,,,,,,
6/9/2023 16:27:19,1.86,6/5/2023 16:27:19,6/5/2023,Jun,2023,,,,,,
6/10/2023 6:40:28,2.92,6/5/2023 6:40:28,6/5/2023,Jun,2023,,,,,,
6/11/2023 7:11:14,1.92,6/5/2023 7:11:14,6/5/2023,Jun,2023,,,,,,
6/12/2023 6:38:38,0.00,6/12/2023 6:38:38,6/12/2023,Jun,2023,,,,,,
6/13/2023 5:46:46,0.05,6/12/2023 5:46:46,6/12/2023,Jun,2023,,,,,,
6/14/2023 6:09:37,0.00,6/12/2023 6:09:37,6/12/2023,Jun,2023,,,,,,
6/15/2023 6:47:04,2.14,6/12/2023 6:47:04,6/12/2023,Jun,2023,,,,,,
6/16/2023 5:59:32,0.00,6/12/2023 5:59:32,6/12/2023,Jun,2023,,,,,,
6/17/2023 6:51:57,2.82,6/12/2023 6:51:57,6/12/2023,Jun,2023,,,,,,
6/18/2023 9:19:29,0.00,6/12/2023 9:19:29,6/12/2023,Jun,2023,,,,,,
6/19/2023 5:38:00,0.00,6/19/2023 5:38:00,6/19/2023,Jun,2023,,,,,,
6/20/2023 12:12:15,1.09,6/19/2023 12:12:15,6/19/2023,Jun,2023,,,,,,
6/21/2023 12:03:31,0.00,6/19/2023 12:03:31,6/19/2023,Jun,2023,,,,,,
6/22/2023 4:43:44,0.00,6/19/2023 4:43:44,6/19/2023,Jun,2023,,,,,,
6/23/2023 18:32:01,0.00,6/19/2023 18:32:01,6/19/2023,Jun,2023,,,,,,
6/24/2023 7:20:32,0.00,6/19/2023 7:20:32,6/19/2023,Jun,2023,,,,,,
6/25/2023 6:57:53,1.96,6/19/2023 6:57:53,6/19/2023,Jun,2023,,,,,,
6/26/2023 16:59:42,0.00,6/26/2023 16:59:42,6/26/2023,Jun,2023,,,,,,
6/27/2023 7:16:26,0.00,6/26/2023 7:16:26,6/26/2023,Jun,2023,,,,,,
6/28/2023 16:19:09,2.37,6/26/2023 16:19:09,6/26/2023,Jun,2023,,,,,,
6/29/2023 6:37:23,2.04,6/26/2023 6:37:23,6/26/2023,Jun,2023,,,,,,
6/30/2023 6:51:09,0.00,6/26/2023 6:51:09,6/26/2023,Jun,2023,,,,,,
7/1/2023 16:53:05,2.78,6/26/2023 16:53:05,6/26/2023,Jul,2023,,,,,,
7/2/2023 12:17:25,0.00,6/26/2023 12:17:25,6/26/2023,Jul,2023,,,,,,
7/3/2023 4:18:11,0.01,7/3/2023 4:18:11,7/3/2023,Jul,2023,,,,,,
7/4/2023 5:23:42,0.01,7/3/2023 5:23:42,7/3/2023,Jul,2023,,,,,,
7/5/2023 4:20:07,0.00,7/3/2023 4:20:07,7/3/2023,Jul,2023,,,,,,
7/6/2023 4:00:58,0.00,7/3/2023 4:00:58,7/3/2023,Jul,2023,,,,,,
7/7/2023 7:04:14,0.00,7/3/2023 7:04:14,7/3/2023,Jul,2023,,,,,,
7/8/2023 5:13:48,2.92,7/3/2023 5:13:48,7/3/2023,Jul,2023,,,,,,
7/9/2023 5:56:16,0.00,7/3/2023 5:56:16,7/3/2023,Jul,2023,,,,,,
7/10/2023 13:37:26,2.06,7/10/2023 13:37:26,7/10/2023,Jul,2023,,,,,,
7/11/2023 7:28:48,0.02,7/10/2023 7:28:48,7/10/2023,Jul,2023,,,,,,
7/12/2023 9:23:54,0.04,7/10/2023 9:23:54,7/10/2023,Jul,2023,,,,,,
7/13/2023 10:12:40,0.06,7/10/2023 10:12:40,7/10/2023,Jul,2023,,,,,,
7/14/2023 11:39:20,0.00,7/10/2023 11:39:20,7/10/2023,Jul,2023,,,,,,
7/15/2023 9:59:38,0.05,7/10/2023 9:59:38,7/10/2023,Jul,2023,,,,,,
7/16/2023 10:19:46,0.02,7/10/2023 10:19:46,7/10/2023,Jul,2023,,,,,,
7/17/2023 11:00:06,0.00,7/17/2023 11:00:06,7/17/2023,Jul,2023,,,,,,
7/18/2023 5:19:06,2.15,7/17/2023 5:19:06,7/17/2023,Jul,2023,,,,,,
7/19/2023 5:40:54,0.00,7/17/2023 5:40:54,7/17/2023,Jul,2023,,,,,,
7/20/2023 12:02:31,1.90,7/17/2023 12:02:31,7/17/2023,Jul,2023,,,,,,
7/21/2023 12:44:24,1.98,7/17/2023 12:44:24,7/17/2023,Jul,2023,,,,,,
7/22/2023 14:47:15,2.65,7/17/2023 14:47:15,7/17/2023,Jul,2023,,,,,,
7/23/2023 12:03:03,0.00,7/17/2023 12:03:03,7/17/2023,Jul,2023,,,,,,
7/24/2023 7:49:05,0.07,7/24/2023 7:49:05,7/24/2023,Jul,2023,,,,,,
7/25/2023 12:15:14,0.80,7/24/2023 12:15:14,7/24/2023,Jul,2023,,,,,,
7/26/2023 8:56:42,0.00,7/24/2023 8:56:42,7/24/2023,Jul,2023,,,,,,
7/27/2023 8:19:25,1.98,7/24/2023 8:19:25,7/24/2023,Jul,2023,,,,,,
7/28/2023 5:18:02,2.01,7/24/2023 5:18:02,7/24/2023,Jul,2023,,,,,,
7/29/2023 6:55:54,1.92,7/24/2023 6:55:54,7/24/2023,Jul,2023,,,,,,
7/30/2023 9:34:34,0.00,7/24/2023 9:34:34,7/24/2023,Jul,2023,,,,,,
7/31/2023 4:00:56,1.89,7/31/2023 4:00:56,7/31/2023,Jul,2023,,,,,,
8/1/2023 15:23:38,2.56,7/31/2023 15:23:38,7/31/2023,Aug,2023,,,,,,
8/2/2023 10:41:51,0.00,7/31/2023 10:41:51,7/31/2023,Aug,2023,,,,,,
8/3/2023 4:09:42,1.82,7/31/2023 4:09:42,7/31/2023,Aug,2023,,,,,,
8/4/2023 13:59:01,0.00,7/31/2023 13:59:01,7/31/2023,Aug,2023,,,,,,
8/5/2023 5:24:51,2.70,7/31/2023 5:24:51,7/31/2023,Aug,2023,,,,,,
8/6/2023 5:25:28,2.58,7/31/2023 5:25:28,7/31/2023,Aug,2023,,,,,,
8/7/2023 13:45:50,0.00,8/7/2023 13:45:50,8/7/2023,Aug,2023,,,,,,
8/8/2023 12:42:09,1.82,8/7/2023 12:42:09,8/7/2023,Aug,2023,,,,,,
8/9/2023 13:45:03,0.00,8/7/2023 13:45:03,8/7/2023,Aug,2023,,,,,,
8/10/2023 5:24:11,1.92,8/7/2023 5:24:11,8/7/2023,Aug,2023,,,,,,
8/11/2023 13:43:17,0.00,8/7/2023 13:43:17,8/7/2023,Aug,2023,,,,,,
8/12/2023 12:52:28,0.02,8/7/2023 12:52:28,8/7/2023,Aug,2023,,,,,,
8/13/2023 5:32:20,0.00,8/7/2023 5:32:20,8/7/2023,Aug,2023,,,,,,
8/14/2023 5:21:33,0.00,8/14/2023 5:21:33,8/14/2023,Aug,2023,,,,,,
8/15/2023 4:51:15,0.00,8/14/2023 4:51:15,8/14/2023,Aug,2023,,,,,,
8/16/2023 13:53:16,0.00,8/14/2023 13:53:16,8/14/2023,Aug,2023,,,,,,
8/17/2023 5:30:32,2.11,8/14/2023 5:30:32,8/14/2023,Aug,2023,,,,,,
8/18/2023 6:33:25,0.00,8/14/2023 6:33:25,8/14/2023,Aug,2023,,,,,,
8/19/2023 6:24:34,2.56,8/14/2023 6:24:34,8/14/2023,Aug,2023,,,,,,
8/20/2023 6:17:17,2.60,8/14/2023 6:17:17,8/14/2023,Aug,2023,,,,,,
8/21/2023 6:37:26,0.00,8/21/2023 6:37:26,8/21/2023,Aug,2023,,,,,,
8/22/2023 15:54:33,0.01,8/21/2023 15:54:33,8/21/2023,Aug,2023,,,,,,
8/23/2023 6:18:40,0.00,8/21/2023 6:18:40,8/21/2023,Aug,2023,,,,,,
8/24/2023 5:53:03,2.90,8/21/2023 5:53:03,8/21/2023,Aug,2023,,,,,,
8/25/2023 7:10:36,0.00,8/21/2023 7:10:36,8/21/2023,Aug,2023,,,,,,
8/26/2023 12:50:15,0.01,8/21/2023 12:50:15,8/21/2023,Aug,2023,,,,,,
8/27/2023 6:17:55,0.01,8/21/2023 6:17:55,8/21/2023,Aug,2023,,,,,,
8/28/2023 4:50:25,0.00,8/28/2023 4:50:25,8/28/2023,Aug,2023,,,,,,
8/29/2023 6:06:24,0.00,8/28/2023 6:06:24,8/28/2023,Aug,2023,,,,,,
8/30/2023 7:11:37,0.00,8/28/2023 7:11:37,8/28/2023,Aug,2023,,,,,,
8/31/2023 6:32:29,0.00,8/28/2023 6:32:29,8/28/2023,Aug,2023,,,,,,
9/1/2023 13:56:49,0.00,8/28/2023 13:56:49,8/28/2023,Sep,2023,,,,,,
9/2/2023 5:45:33,0.01,8/28/2023 5:45:33,8/28/2023,Sep,2023,,,,,,
9/3/2023 8:21:28,0.00,8/28/2023 8:21:28,8/28/2023,Sep,2023,,,,,,
9/4/2023 4:29:40,0.00,9/4/2023 4:29:40,9/4/2023,Sep,2023,,,,,,
9/5/2023 4:08:40,0.00,9/4/2023 4:08:40,9/4/2023,Sep,2023,,,,,,
9/6/2023 6:44:54,0.00,9/4/2023 6:44:54,9/4/2023,Sep,2023,,,,,,
9/7/2023 7:13:56,0.00,9/4/2023 7:13:56,9/4/2023,Sep,2023,,,,,,
9/8/2023 4:50:29,0.01,9/4/2023 4:50:29,9/4/2023,Sep,2023,,,,,,
9/9/2023 6:05:53,2.75,9/4/2023 6:05:53,9/4/2023,Sep,2023,,,,,,
9/10/2023 15:43:04,2.67,9/4/2023 15:43:04,9/4/2023,Sep,2023,,,,,,
9/11/2023 13:58:54,0.00,9/11/2023 13:58:54,9/11/2023,Sep,2023,,,,,,
9/12/2023 13:54:08,0.00,9/11/2023 13:54:08,9/11/2023,Sep,2023,,,,,,
9/13/2023 12:40:36,0.04,9/11/2023 12:40:36,9/11/2023,Sep,2023,,,,,,
9/14/2023 13:06:50,0.00,9/11/2023 13:06:50,9/11/2023,Sep,2023,,,,,,
9/15/2023 10:37:15,0.00,9/11/2023 10:37:15,9/11/2023,Sep,2023,,,,,,
9/16/2023 5:57:43,0.01,9/11/2023 5:57:43,9/11/2023,Sep,2023,,,,,,
9/17/2023 5:14:11,2.96,9/11/2023 5:14:11,9/11/2023,Sep,2023,,,,,,
9/18/2023 6:23:28,0.00,9/18/2023 6:23:28,9/18/2023,Sep,2023,,,,,,
9/19/2023 6:52:25,2.62,9/18/2023 6:52:25,9/18/2023,Sep,2023,,,,,,
9/20/2023 13:51:40,2.62,9/18/2023 13:51:40,9/18/2023,Sep,2023,,,,,,
9/21/2023 6:51:24,2.79,9/18/2023 6:51:24,9/18/2023,Sep,2023,,,,,,
9/22/2023 5:51:33,2.81,9/18/2023 5:51:33,9/18/2023,Sep,2023,,,,,,
9/23/2023 6:02:17,0.00,9/18/2023 6:02:17,9/18/2023,Sep,2023,,,,,,
9/24/2023 21:10:52,0.00,9/18/2023 21:10:52,9/18/2023,Sep,2023,,,,,,
9/25/2023 4:00:15,0.00,9/25/2023 4:00:15,9/25/2023,Sep,2023,,,,,,
9/26/2023 5:43:13,0.00,9/25/2023 5:43:13,9/25/2023,Sep,2023,,,,,,
9/27/2023 12:40:37,0.00,9/25/2023 12:40:37,9/25/2023,Sep,2023,,,,,,
9/28/2023 6:19:07,0.00,9/25/2023 6:19:07,9/25/2023,Sep,2023,,,,,,
9/29/2023 4:55:02,0.00,9/25/2023 4:55:02,9/25/2023,Sep,2023,,,,,,
9/30/2023 5:26:11,0.00,9/25/2023 5:26:11,9/25/2023,Sep,2023,,,,,,
10/1/2023 13:25:35,0.00,9/25/2023 13:25:35,9/25/2023,Oct,2023,,,,,,
10/2/2023 5:10:26,0.00,10/2/2023 5:10:26,10/2/2023,Oct,2023,,,,,,
10/3/2023 13:15:03,2.75,10/2/2023 13:15:03,10/2/2023,Oct,2023,,,,,,
10/4/2023 4:44:29,2.81,10/2/2023 4:44:29,10/2/2023,Oct,2023,,,,,,
10/5/2023 14:01:03,3.35,10/2/2023 14:01:03,10/2/2023,Oct,2023,,,,,,
10/6/2023 5:08:10,2.87,10/2/2023 5:08:10,10/2/2023,Oct,2023,,,,,,
10/7/2023 5:46:05,0.00,10/2/2023 5:46:05,10/2/2023,Oct,2023,,,,,,
10/8/2023 5:27:46,2.61,10/2/2023 5:27:46,10/2/2023,Oct,2023,,,,,,
10/9/2023 4:18:42,2.83,10/9/2023 4:18:42,10/9/2023,Oct,2023,,,,,,
10/10/2023 13:55:02,2.90,10/9/2023 13:55:02,10/9/2023,Oct,2023,,,,,,
10/11/2023 7:22:19,3.03,10/9/2023 7:22:19,10/9/2023,Oct,2023,,,,,,
10/12/2023 5:04:55,2.93,10/9/2023 5:04:55,10/9/2023,Oct,2023,,,,,,
10/13/2023 14:09:06,2.65,10/9/2023 14:09:06,10/9/2023,Oct,2023,,,,,,
10/14/2023 16:06:19,0.00,10/9/2023 16:06:19,10/9/2023,Oct,2023,,,,,,
10/15/2023 14:05:21,2.69,10/9/2023 14:05:21,10/9/2023,Oct,2023,,,,,,
10/16/2023 4:45:19,4.99,10/16/2023 4:45:19,10/16/2023,Oct,2023,,,,,,
10/17/2023 10:11:04,0.00,10/16/2023 10:11:04,10/16/2023,Oct,2023,,,,,,
10/18/2023 14:10:57,4.77,10/16/2023 14:10:57,10/16/2023,Oct,2023,,,,,,
10/19/2023 4:19:44,0.00,10/16/2023 4:19:44,10/16/2023,Oct,2023,,,,,,
10/20/2023 5:35:04,0.00,10/16/2023 5:35:04,10/16/2023,Oct,2023,,,,,,
10/21/2023 5:55:13,0.00,10/16/2023 5:55:13,10/16/2023,Oct,2023,,,,,,
10/22/2023 4:15:03,2.58,10/16/2023 4:15:03,10/16/2023,Oct,2023,,,,,,
10/23/2023 14:02:15,4.85,10/23/2023 14:02:15,10/23/2023,Oct,2023,,,,,,
10/24/2023 13:54:18,0.00,10/23/2023 13:54:18,10/23/2023,Oct,2023,,,,,,
10/25/2023 5:14:47,2.65,10/23/2023 5:14:47,10/23/2023,Oct,2023,,,,,,
10/26/2023 5:16:15,0.00,10/23/2023 5:16:15,10/23/2023,Oct,2023,,,,,,
10/27/2023 5:09:15,4.51,10/23/2023 5:09:15,10/23/2023,Oct,2023,,,,,,
10/28/2023 6:32:59,0.00,10/23/2023 6:32:59,10/23/2023,Oct,2023,,,,,,
10/29/2023 6:29:16,0.00,10/23/2023 6:29:16,10/23/2023,Oct,2023,,,,,,
10/30/2023 11:00:38,0.15,10/30/2023 11:00:38,10/30/2023,Oct,2023,,,,,,
10/31/2023 4:01:49,0.02,10/30/2023 4:01:49,10/30/2023,Oct,2023,,,,,,
11/1/2023 12:55:20,0.00,10/30/2023 12:55:20,10/30/2023,Nov,2023,,,,,,
11/2/2023 5:41:42,0.00,10/30/2023 5:41:42,10/30/2023,Nov,2023,,,,,,
11/3/2023 4:27:41,5.27,10/30/2023 4:27:41,10/30/2023,Nov,2023,,,,,,
11/4/2023 4:50:48,2.63,10/30/2023 4:50:48,10/30/2023,Nov,2023,,,,,,
11/5/2023 7:21:27,2.55,10/30/2023 7:21:27,10/30/2023,Nov,2023,,,,,,
11/6/2023 12:01:42,4.40,11/6/2023 12:01:42,11/6/2023,Nov,2023,,,,,,
11/8/2023 12:24:43,3.13,11/6/2023 12:24:43,11/6/2023,Nov,2023,,,,,,
11/10/2023 11:57:58,4.43,11/6/2023 11:57:58,11/6/2023,Nov,2023,,,,,,
11/17/2023 12:04:04,4.40,11/13/2023 12:04:04,11/13/2023,Nov,2023,,,,,,
11/18/2023 11:13:40,3.08,11/13/2023 11:13:40,11/13/2023,Nov,2023,,,,,,
11/19/2023 12:04:56,6.32,11/13/2023 12:04:56,11/13/2023,Nov,2023,,,,,,
11/22/2023 12:02:56,4.40,11/20/2023 12:02:56,11/20/2023,Nov,2023,,,,,,
11/25/2023 9:30:08,3.22,11/20/2023 9:30:08,11/20/2023,Nov,2023,,,,,,
11/30/2023 14:03:27,6.28,11/27/2023 14:03:27,11/27/2023,Nov,2023,,,,,,
12/4/2023 13:22:00,4.22,12/4/2023 13:22:00,12/4/2023,Dec,2023,,,,,,
12/6/2023 11:38:40,3.12,12/4/2023 11:38:40,12/4/2023,Dec,2023,,,,,,
12/8/2023 12:02:58,4.45,12/4/2023 12:02:58,12/4/2023,Dec,2023,,,,,,
12/10/2023 9:02:25,3.21,12/4/2023 9:02:25,12/4/2023,Dec,2023,,,,,,
12/13/2023 12:46:50,4.37,12/11/2023 12:46:50,12/11/2023,Dec,2023,,,,,,
12/14/2023 12:19:46,4.37,12/11/2023 12:19:46,12/11/2023,Dec,2023,,,,,,
12/15/2023 12:02:25,4.39,12/11/2023 12:02:25,12/11/2023,Dec,2023,,,,,,
12/19/2023 12:34:02,3.98,12/18/2023 12:34:02,12/18/2023,Dec,2023,,,,,,
12/20/2023 12:10:14,4.10,12/18/2023 12:10:14,12/18/2023,Dec,2023,,,,,,
12/21/2023 12:29:11,4.43,12/18/2023 12:29:11,12/18/2023,Dec,2023,,,,,,
12/22/2023 12:23:23,6.43,12/18/2023 12:23:23,12/18/2023,Dec,2023,,,,,,
12/28/2023 10:43:43,6.27,12/25/2023 10:43:43,12/25/2023,Dec,2023,,,,,,
1/8/2024 11:50:34,3.24,1/8/2024 11:50:34,1/8/2024,Jan,2024,,,,,,
1/11/2024 12:19:13,4.12,1/8/2024 12:19:13,1/8/2024,Jan,2024,,,,,,
1/12/2024 12:13:43,4.16,1/8/2024 12:13:43,1/8/2024,Jan,2024,,,,,,
1/13/2024 11:55:19,7.01,1/8/2024 11:55:19,1/8/2024,Jan,2024,,,,,,
1/18/2024 10:31:22,2.54,1/15/2024 10:31:22,1/15/2024,Jan,2024,,,,,,
1/22/2024 11:34:20,4.40,1/22/2024 11:34:20,1/22/2024,Jan,2024,,,,,,
1/24/2024 11:52:31,3.15,1/22/2024 11:52:31,1/22/2024,Jan,2024,,,,,,
1/25/2024 11:33:18,3.20,1/22/2024 11:33:18,1/22/2024,Jan,2024,,,,,,
1/27/2024 10:53:37,8.13,1/22/2024 10:53:37,1/22/2024,Jan,2024,,,,,,
1/29/2024 11:54:34,4.50,1/29/2024 11:54:34,1/29/2024,Jan,2024,,,,,,
1/30/2024 11:57:59,4.14,1/29/2024 11:57:59,1/29/2024,Jan,2024,,,,,,
2/1/2024 10:26:24,9.07,1/29/2024 10:26:24,1/29/2024,Feb,2024,,,,,,
2/8/2024 12:16:08,5.97,2/5/2024 12:16:08,2/5/2024,Feb,2024,,,,,,
2/9/2024 10:29:18,3.93,2/5/2024 10:29:18,2/5/2024,Feb,2024,,,,,,
2/14/2024 12:07:43,6.01,2/12/2024 12:07:43,2/12/2024,Feb,2024,,,,,,
2/16/2024 12:10:04,3.95,2/12/2024 12:10:04,2/12/2024,Feb,2024,,,,,,
2/18/2024 10:39:16,10.03,2/12/2024 10:39:16,2/12/2024,Feb,2024,,,,,,
2/19/2024 11:40:13,3.16,2/19/2024 11:40:13,2/19/2024,Feb,2024,,,,,,
2/20/2024 12:03:56,3.15,2/19/2024 12:03:56,2/19/2024,Feb,2024,,,,,,
2/22/2024 11:57:00,3.20,2/19/2024 11:57:00,2/19/2024,Feb,2024,,,,,,
2/29/2024 11:55:44,4.07,2/26/2024 11:55:44,2/26/2024,Feb,2024,,,,,,
3/1/2024 12:11:44,6.03,2/26/2024 12:11:44,2/26/2024,Mar,2024,,,,,,
3/4/2024 10:32:00,6.82,3/4/2024 10:32:00,3/4/2024,Mar,2024,,,,,,
3/7/2024 12:06:25,6.01,3/4/2024 12:06:25,3/4/2024,Mar,2024,,,,,,
3/8/2024 11:57:53,3.18,3/4/2024 11:57:53,3/4/2024,Mar,2024,,,,,,
3/11/2024 10:40:59,6.02,3/11/2024 10:40:59,3/11/2024,Mar,2024,,,,,,
3/12/2024 12:02:52,4.12,3/11/2024 12:02:52,3/11/2024,Mar,2024,,,,,,
3/13/2024 11:51:51,3.21,3/11/2024 11:51:51,3/11/2024,Mar,2024,,,,,,
3/14/2024 11:57:06,4.07,3/11/2024 11:57:06,3/11/2024,Mar,2024,,,,,,
3/15/2024 11:48:45,2.55,3/11/2024 11:48:45,3/11/2024,Mar,2024,,,,,,
3/17/2024 10:51:01,3.17,3/11/2024 10:51:01,3/11/2024,Mar,2024,,,,,,
3/18/2024 11:51:57,6.04,3/18/2024 11:51:57,3/18/2024,Mar,2024,,,,,,
3/19/2024 11:54:43,3.30,3/18/2024 11:54:43,3/18/2024,Mar,2024,,,,,,
3/20/2024 11:54:08,6.04,3/18/2024 11:54:08,3/18/2024,Mar,2024,,,,,,
3/21/2024 11:57:07,3.21,3/18/2024 11:57:07,3/18/2024,Mar,2024,,,,,,
3/22/2024 10:34:54,3.13,3/18/2024 10:34:54,3/18/2024,Mar,2024,,,,,,
3/25/2024 11:58:33,4.08,3/25/2024 11:58:33,3/25/2024,Mar,2024,,,,,,
3/26/2024 11:59:45,5.92,3/25/2024 11:59:45,3/25/2024,Mar,2024,,,,,,
3/27/2024 11:52:18,4.14,3/25/2024 11:52:18,3/25/2024,Mar,2024,,,,,,
3/31/2024 9:02:13,3.22,3/25/2024 9:02:13,3/25/2024,Mar,2024,,,,,,
4/4/2024 11:57:13,3.58,4/1/2024 11:57:13,4/1/2024,Apr,2024,,,,,,
4/5/2024 10:53:28,6.04,4/1/2024 10:53:28,4/1/2024,Apr,2024,,,,,,
4/8/2024 11:46:33,3.19,4/8/2024 11:46:33,4/8/2024,Apr,2024,,,,,,
4/9/2024 11:58:24,6.01,4/8/2024 11:58:24,4/8/2024,Apr,2024,,,,,,
4/10/2024 12:07:21,6.04,4/8/2024 12:07:21,4/8/2024,Apr,2024,,,,,,
4/11/2024 12:26:00,3.16,4/8/2024 12:26:00,4/8/2024,Apr,2024,,,,,,
4/18/2024 12:15:55,4.15,4/15/2024 12:15:55,4/15/2024,Apr,2024,,,,,,
4/19/2024 12:17:03,5.97,4/15/2024 12:17:03,4/15/2024,Apr,2024,,,,,,
4/20/2024 12:17:51,2.41,4/15/2024 12:17:51,4/15/2024,Apr,2024,,,,,,
4/21/2024 12:06:58,8.07,4/15/2024 12:06:58,4/15/2024,Apr,2024,,,,,,
4/22/2024 12:16:40,3.16,4/22/2024 12:16:40,4/22/2024,Apr,2024,,,,,,
4/23/2024 12:15:29,6.01,4/22/2024 12:15:29,4/22/2024,Apr,2024,,,,,,
4/25/2024 12:14:50,3.13,4/22/2024 12:14:50,4/22/2024,Apr,2024,,,,,,
5/1/2024 12:27:13,4.09,4/29/2024 12:27:13,4/29/2024,May,2024,,,,,,
5/2/2024 12:13:49,6.02,4/29/2024 12:13:49,4/29/2024,May,2024,,,,,,
5/3/2024 12:31:33,4.73,4/29/2024 12:31:33,4/29/2024,May,2024,,,,,,
5/7/2024 12:32:57,4.16,5/6/2024 12:32:57,5/6/2024,May,2024,,,,,,
5/8/2024 12:29:46,4.16,5/6/2024 12:29:46,5/6/2024,May,2024,,,,,,
5/9/2024 12:32:28,6.01,5/6/2024 12:32:28,5/6/2024,May,2024,,,,,,
5/20/2024 12:09:25,4.13,5/20/2024 12:09:25,5/20/2024,May,2024,,,,,,
5/21/2024 12:25:01,4.02,5/20/2024 12:25:01,5/20/2024,May,2024,,,,,,
5/22/2024 12:09:09,4.17,5/20/2024 12:09:09,5/20/2024,May,2024,,,,,,
5/23/2024 12:09:30,4.19,5/20/2024 12:09:30,5/20/2024,May,2024,,,,,,
5/24/2024 12:22:53,4.13,5/20/2024 12:22:53,5/20/2024,May,2024,,,,,,
5/30/2024 12:23:21,4.17,5/27/2024 12:23:21,5/27/2024,May,2024,,,,,,
5/31/2024 12:20:00,4.06,5/27/2024 12:20:00,5/27/2024,May,2024,,,,,,
6/2/2024 12:14:01,6.01,5/27/2024 12:14:01,5/27/2024,Jun,2024,,,,,,
6/3/2024 12:12:59,4.09,6/3/2024 12:12:59,6/3/2024,Jun,2024,,,,,,
6/12/2024 12:13:54,4.15,6/10/2024 12:13:54,6/10/2024,Jun,2024,,,,,,
6/14/2024 12:18:22,4.08,6/10/2024 12:18:22,6/10/2024,Jun,2024,,,,,,
6/16/2024 10:58:04,3.10,6/10/2024 10:58:04,6/10/2024,Jun,2024,,,,,,
6/17/2024 12:12:47,4.11,6/17/2024 12:12:47,6/17/2024,Jun,2024,,,,,,
6/18/2024 12:26:14,3.16,6/17/2024 12:26:14,6/17/2024,Jun,2024,,,,,,
6/19/2024 12:20:44,3.20,6/17/2024 12:20:44,6/17/2024,Jun,2024,,,,,,
6/20/2024 8:07:37,3.13,6/17/2024 8:07:37,6/17/2024,Jun,2024,,,,,,
7/1/2024 12:25:49,3.19,7/1/2024 12:25:49,7/1/2024,Jul,2024,,,,,,
7/2/2024 12:36:25,3.14,7/1/2024 12:36:25,7/1/2024,Jul,2024,,,,,,
7/3/2024 12:29:00,4.13,7/1/2024 12:29:00,7/1/2024,Jul,2024,,,,,,
7/15/2024 12:16:37,3.19,7/15/2024 12:16:37,7/15/2024,Jul,2024,,,,,,
7/16/2024 12:26:05,3.18,7/15/2024 12:26:05,7/15/2024,Jul,2024,,,,,,
7/17/2024 12:34:18,3.19,7/15/2024 12:34:18,7/15/2024,Jul,2024,,,,,,
7/19/2024 13:02:32,4.09,7/15/2024 13:02:32,7/15/2024,Jul,2024,,,,,,
7/24/2024 12:13:18,3.17,7/22/2024 12:13:18,7/22/2024,Jul,2024,,,,,,
7/25/2024 12:25:55,4.09,7/22/2024 12:25:55,7/22/2024,Jul,2024,,,,,,
7/26/2024 12:33:50,4.09,7/22/2024 12:33:50,7/22/2024,Jul,2024,,,,,,
8/1/2024 12:21:51,3.16,7/29/2024 12:21:51,7/29/2024,Aug,2024,,,,,,
8/5/2024 12:37:05,4.11,8/5/2024 12:37:05,8/5/2024,Aug,2024,,,,,,
8/6/2024 12:49:50,4.10,8/5/2024 12:49:50,8/5/2024,Aug,2024,,,,,,
8/12/2024 12:31:37,4.07,8/12/2024 12:31:37,8/12/2024,Aug,2024,,,,,,
8/13/2024 12:46:55,4.13,8/12/2024 12:46:55,8/12/2024,Aug,2024,,,,,,
8/14/2024 12:47:16,4.08,8/12/2024 12:47:16,8/12/2024,Aug,2024,,,,,,
8/15/2024 12:54:58,4.20,8/12/2024 12:54:58,8/12/2024,Aug,2024,,,,,,
8/16/2024 12:45:56,2.02,8/12/2024 12:45:56,8/12/2024,Aug,2024,,,,,,
8/19/2024 12:46:18,2.08,8/19/2024 12:46:18,8/19/2024,Aug,2024,,,,,,
8/20/2024 12:44:17,2.08,8/19/2024 12:44:17,8/19/2024,Aug,2024,,,,,,
8/21/2024 12:31:38,2.06,8/19/2024 12:31:38,8/19/2024,Aug,2024,,,,,,
8/22/2024 12:45:34,2.08,8/19/2024 12:45:34,8/19/2024,Aug,2024,,,,,,
8/23/2024 12:43:16,2.21,8/19/2024 12:43:16,8/19/2024,Aug,2024,,,,,,
8/26/2024 12:45:51,3.18,8/26/2024 12:45:51,8/26/2024,Aug,2024,,,,,,
8/27/2024 12:54:06,3.15,8/26/2024 12:54:06,8/26/2024,Aug,2024,,,,,,
8/28/2024 13:01:17,3.17,8/26/2024 13:01:17,8/26/2024,Aug,2024,,,,,,
8/29/2024 12:51:13,3.19,8/26/2024 12:51:13,8/26/2024,Aug,2024,,,,,,
9/3/2024 10:56:01,4.22,9/2/2024 10:56:01,9/2/2024,Sep,2024,,,,,,
9/4/2024 14:22:08,4.17,9/2/2024 14:22:08,9/2/2024,Sep,2024,,,,,,
9/5/2024 13:36:29,4.13,9/2/2024 13:36:29,9/2/2024,Sep,2024,,,,,,
9/6/2024 13:38:26,4.08,9/2/2024 13:38:26,9/2/2024,Sep,2024,,,,,,
9/8/2024 11:54:21,8.02,9/2/2024 11:54:21,9/2/2024,Sep,2024,,,,,,
9/9/2024 13:44:36,3.06,9/9/2024 13:44:36,9/9/2024,Sep,2024,,,,,,
9/10/2024 14:42:34,3.06,9/9/2024 14:42:34,9/9/2024,Sep,2024,,,,,,
9/11/2024 12:58:04,2.00,9/9/2024 12:58:04,9/9/2024,Sep,2024,,,,,,
9/12/2024 14:12:19,3.05,9/9/2024 14:12:19,9/9/2024,Sep,2024,,,,,,
9/18/2024 10:01:20,3.01,9/16/2024 10:01:20,9/16/2024,Sep,2024,,,,,,
9/19/2024 9:48:41,3.06,9/16/2024 9:48:41,9/16/2024,Sep,2024,,,,,,
9/20/2024 10:01:32,3.05,9/16/2024 10:01:32,9/16/2024,Sep,2024,,,,,,
9/23/2024 10:00:11,3.06,9/23/2024 10:00:11,9/23/2024,Sep,2024,,,,,,
9/24/2024 10:07:52,3.92,9/23/2024 10:07:52,9/23/2024,Sep,2024,,,,,,
10/2/2024 13:07:51,4.00,9/30/2024 13:07:51,9/30/2024,Oct,2024,,,,,,
10/3/2024 13:51:34,4.00,9/30/2024 13:51:34,9/30/2024,Oct,2024,,,,,,
10/4/2024 14:50:33,3.91,9/30/2024 14:50:33,9/30/2024,Oct,2024,,,,,,
10/9/2024 14:21:41,4.01,10/7/2024 14:21:41,10/7/2024,Oct,2024,,,,,,
10/10/2024 14:03:27,4.00,10/7/2024 14:03:27,10/7/2024,Oct,2024,,,,,,
10/18/2024 14:13:30,4.00,10/14/2024 14:13:30,10/14/2024,Oct,2024,,,,,,
10/20/2024 11:52:35,5.24,10/14/2024 11:52:35,10/14/2024,Oct,2024,,,,,,
10/21/2024 14:16:31,3.90,10/21/2024 14:16:31,10/21/2024,Oct,2024,,,,,,
10/22/2024 14:45:57,3.06,10/21/2024 14:45:57,10/21/2024,Oct,2024,,,,,,
10/23/2024 14:14:05,3.06,10/21/2024 14:14:05,10/21/2024,Oct,2024,,,,,,
10/25/2024 14:48:25,3.06,10/21/2024 14:48:25,10/21/2024,Oct,2024,,,,,,
10/28/2024 14:35:50,5.33,10/28/2024 14:35:50,10/28/2024,Oct,2024,,,,,,
10/29/2024 14:36:11,2.17,10/28/2024 14:36:11,10/28/2024,Oct,2024,,,,,,
10/30/2024 14:42:44,2.84,10/28/2024 14:42:44,10/28/2024,Oct,2024,,,,,,
11/10/2024 10:04:17,2.25,11/4/2024 10:04:17,11/4/2024,Nov,2024,,,,,,
11/10/2024 11:19:06,1.13,11/4/2024 11:19:06,11/4/2024,Nov,2024,,,,,,
11/10/2024 13:29:37,0.37,11/4/2024 13:29:37,11/4/2024,Nov,2024,,,,,,
11/10/2024 16:00:47,0.73,11/4/2024 16:00:47,11/4/2024,Nov,2024,,,,,,
11/11/2024 5:57:57,4.66,11/11/2024 5:57:57,11/11/2024,Nov,2024,,,,,,
11/11/2024 13:48:24,0.35,11/11/2024 13:48:24,11/11/2024,Nov,2024,,,,,,
11/12/2024 6:20:53,7.44,11/11/2024 6:20:53,11/11/2024,Nov,2024,,,,,,
11/13/2024 5:15:57,8.25,11/11/2024 5:15:57,11/11/2024,Nov,2024,,,,,,
11/14/2024 5:30:21,4.38,11/11/2024 5:30:21,11/11/2024,Nov,2024,,,,,,
11/14/2024 10:04:39,3.49,11/11/2024 10:04:39,11/11/2024,Nov,2024,,,,,,
11/24/2024 11:15:06,6.11,11/18/2024 11:15:06,11/18/2024,Nov,2024,,,,,,
11/25/2024 9:52:14,3.23,11/25/2024 9:52:14,11/25/2024,Nov,2024,,,,,,
11/26/2024 11:08:35,1.90,11/25/2024 11:08:35,11/25/2024,Nov,2024,,,,,,
12/4/2024 14:23:14,3.06,12/2/2024 14:23:14,12/2/2024,Dec,2024,,,,,,
12/5/2024 14:12:44,3.06,12/2/2024 14:12:44,12/2/2024,Dec,2024,,,,,,
12/6/2024 14:30:57,3.00,12/2/2024 14:30:57,12/2/2024,Dec,2024,,,,,,
12/8/2024 12:10:09,3.00,12/2/2024 12:10:09,12/2/2024,Dec,2024,,,,,,
12/10/2024 14:43:19,2.01,12/9/2024 14:43:19,12/9/2024,Dec,2024,,,,,,
12/12/2024 14:27:45,3.01,12/9/2024 14:27:45,12/9/2024,Dec,2024,,,,,,
12/13/2024 14:43:49,3.01,12/9/2024 14:43:49,12/9/2024,Dec,2024,,,,,,
12/17/2024 13:28:34,3.00,12/16/2024 13:28:34,12/16/2024,Dec,2024,,,,,,
12/18/2024 9:38:40,2.01,12/16/2024 9:38:40,12/16/2024,Dec,2024,,,,,,
12/19/2024 14:33:08,3.01,12/16/2024 14:33:08,12/16/2024,Dec,2024,,,,,,
12/20/2024 10:44:00,2.01,12/16/2024 10:44:00,12/16/2024,Dec,2024,,,,,,
12/21/2024 14:01:17,3.01,12/16/2024 14:01:17,12/16/2024,Dec,2024,,,,,,
12/23/2024 14:33:14,3.01,12/23/2024 14:33:14,12/23/2024,Dec,2024,,,,,,
12/24/2024 9:50:10,3.00,12/23/2024 9:50:10,12/23/2024,Dec,2024,,,,,,
12/26/2024 7:55:19,3.01,12/23/2024 7:55:19,12/23/2024,Dec,2024,,,,,,
12/27/2024 7:22:03,2.93,12/23/2024 7:22:03,12/23/2024,Dec,2024,,,,,,
12/29/2024 10:10:33,3.01,12/23/2024 10:10:33,12/23/2024,Dec,2024,,,,,,
12/30/2024 12:55:45,3.02,12/30/2024 12:55:45,12/30/2024,Dec,2024,,,,,,
1/1/2025 8:02:14,4.01,12/30/2024 8:02:14,12/30/2024,Jan,2025,,,,,,
1/2/2025 10:09:57,4.01,12/30/2024 10:09:57,12/30/2024,Jan,2025,,,,,,
1/3/2025 10:59:00,3.01,12/30/2024 10:59:00,12/30/2024,Jan,2025,,,,,,
1/6/2025 10:31:43,3.00,1/6/2025 10:31:43,1/6/2025,Jan,2025,,,,,,
1/7/2025 14:28:48,5.00,1/6/2025 14:28:48,1/6/2025,Jan,2025,,,,,,
1/8/2025 14:38:03,3.01,1/6/2025 14:38:03,1/6/2025,Jan,2025,,,,,,
1/9/2025 10:32:03,4.00,1/6/2025 10:32:03,1/6/2025,Jan,2025,,,,,,
1/10/2025 14:23:25,4.00,1/6/2025 14:23:25,1/6/2025,Jan,2025,,,,,,
1/13/2025 14:05:17,2.01,1/13/2025 14:05:17,1/13/2025,Jan,2025,,,,,,
1/14/2025 10:15:47,3.01,1/13/2025 10:15:47,1/13/2025,Jan,2025,,,,,,
1/16/2025 10:33:18,3.00,1/13/2025 10:33:18,1/13/2025,Jan,2025,,,,,,
1/17/2025 10:05:05,2.01,1/13/2025 10:05:05,1/13/2025,Jan,2025,,,,,,
1/20/2025 11:48:47,3.01,1/20/2025 11:48:47,1/20/2025,Jan,2025,,,,,,
1/21/2025 14:20:22,6.00,1/20/2025 14:20:22,1/20/2025,Jan,2025,,,,,,
1/23/2025 10:21:33,4.01,1/20/2025 10:21:33,1/20/2025,Jan,2025,,,,,,
1/24/2025 14:03:29,3.01,1/20/2025 14:03:29,1/20/2025,Jan,2025,,,,,,
1/25/2025 11:36:39,5.01,1/20/2025 11:36:39,1/20/2025,Jan,2025,,,,,,
1/27/2025 14:25:57,4.01,1/27/2025 14:25:57,1/27/2025,Jan,2025,,,,,,
1/28/2025 9:58:12,7.01,1/27/2025 9:58:12,1/27/2025,Jan,2025,,,,,,
1/30/2025 10:28:23,3.01,1/27/2025 10:28:23,1/27/2025,Jan,2025,,,,,,
1/31/2025 14:47:55,4.01,1/27/2025 14:47:55,1/27/2025,Jan,2025,,,,,,
2/1/2025 11:48:43,5.01,1/27/2025 11:48:43,1/27/2025,Feb,2025,,,,,,
2/3/2025 14:53:44,4.01,2/3/2025 14:53:44,2/3/2025,Feb,2025,,,,,,
2/4/2025 9:59:57,6.01,2/3/2025 9:59:57,2/3/2025,Feb,2025,,,,,,
2/5/2025 9:36:16,3.01,2/3/2025 9:36:16,2/3/2025,Feb,2025,,,,,,
2/6/2025 10:46:24,5.00,2/3/2025 10:46:24,2/3/2025,Feb,2025,,,,,,
2/7/2025 9:56:04,8.01,2/3/2025 9:56:04,2/3/2025,Feb,2025,,,,,,
2/12/2025 14:36:01,6.01,2/10/2025 14:36:01,2/10/2025,Feb,2025,,,,,,
2/13/2025 10:08:11,4.01,2/10/2025 10:08:11,2/10/2025,Feb,2025,,,,,,
2/14/2025 14:51:11,6.01,2/10/2025 14:51:11,2/10/2025,Feb,2025,,,,,,
2/19/2025 11:45:08,6.01,2/17/2025 11:45:08,2/17/2025,Feb,2025,,,,,,
2/20/2025 14:49:31,4.01,2/17/2025 14:49:31,2/17/2025,Feb,2025,,,,,,
2/21/2025 11:12:10,4.00,2/17/2025 11:12:10,2/17/2025,Feb,2025,,,,,,
2/22/2025 11:45:10,6.01,2/17/2025 11:45:10,2/17/2025,Feb,2025,,,,,,
2/25/2025 10:10:57,4.01,2/24/2025 10:10:57,2/24/2025,Feb,2025,,,,,,
3/4/2025 10:50:14,6.01,3/3/2025 10:50:14,3/3/2025,Mar,2025,,,,,,
3/5/2025 14:18:43,4.01,3/3/2025 14:18:43,3/3/2025,Mar,2025,,,,,,
3/6/2025 11:43:19,6.01,3/3/2025 11:43:19,3/3/2025,Mar,2025,,,,,,
3/7/2025 14:31:24,4.01,3/3/2025 14:31:24,3/3/2025,Mar,2025,,,,,,
3/8/2025 12:12:19,9.01,3/3/2025 12:12:19,3/3/2025,Mar,2025,,,,,,
3/10/2025 14:52:47,6.01,3/10/2025 14:52:47,3/10/2025,Mar,2025,,,,,,
3/11/2025 11:29:15,4.01,3/10/2025 11:29:15,3/10/2025,Mar,2025,,,,,,
3/12/2025 10:39:57,7.00,3/10/2025 10:39:57,3/10/2025,Mar,2025,,,,,,
3/13/2025 14:49:56,4.01,3/10/2025 14:49:56,3/10/2025,Mar,2025,,,,,,
3/14/2025 10:38:18,10.01,3/10/2025 10:38:18,3/10/2025,Mar,2025,,,,,,
3/17/2025 11:46:55,6.01,3/17/2025 11:46:55,3/17/2025,Mar,2025,,,,,,
3/18/2025 14:40:26,5.01,3/17/2025 14:40:26,3/17/2025,Mar,2025,,,,,,
3/19/2025 13:30:18,7.00,3/17/2025 13:30:18,3/17/2025,Mar,2025,,,,,,
3/22/2025 11:31:49,6.01,3/17/2025 11:31:49,3/17/2025,Mar,2025,,,,,,
3/23/2025 11:52:14,10.00,3/17/2025 11:52:14,3/17/2025,Mar,2025,,,,,,
3/25/2025 10:28:16,3.01,3/24/2025 10:28:16,3/24/2025,Mar,2025,,,,,,
3/26/2025 14:22:38,4.01,3/24/2025 14:22:38,3/24/2025,Mar,2025,,,,,,
3/27/2025 11:22:14,5.01,3/24/2025 11:22:14,3/24/2025,Mar,2025,,,,,,
3/28/2025 14:29:49,3.01,3/24/2025 14:29:49,3/24/2025,Mar,2025,,,,,,
3/29/2025 11:42:17,6.00,3/24/2025 11:42:17,3/24/2025,Mar,2025,,,,,,
3/31/2025 14:13:30,5.01,3/31/2025 14:13:30,3/31/2025,Mar,2025,,,,,,
4/1/2025 10:49:21,6.01,3/31/2025 10:49:21,3/31/2025,Apr,2025,,,,,,
4/3/2025 10:23:12,7.00,3/31/2025 10:23:12,3/31/2025,Apr,2025,,,,,,
4/4/2025 14:40:02,6.01,3/31/2025 14:40:02,3/31/2025,Apr,2025,,,,,,
4/5/2025 12:21:35,10.00,3/31/2025 12:21:35,3/31/2025,Apr,2025,,,,,,
4/7/2025 11:49:56,5.04,4/7/2025 11:49:56,4/7/2025,Apr,2025,,,,,,
4/8/2025 14:34:59,6.01,4/7/2025 14:34:59,4/7/2025,Apr,2025,,,,,,
4/10/2025 8:52:57,6.01,4/7/2025 8:52:57,4/7/2025,Apr,2025,,,,,,
4/11/2025 9:04:55,7.01,4/7/2025 9:04:55,4/7/2025,Apr,2025,,,,,,
4/13/2025 10:00:24,10.00,4/7/2025 10:00:24,4/7/2025,Apr,2025,,,,,,
4/15/2025 8:23:07,5.01,4/14/2025 8:23:07,4/14/2025,Apr,2025,,,,,,
4/17/2025 11:17:19,5.00,4/14/2025 11:17:19,4/14/2025,Apr,2025,,,,,,
4/18/2025 10:46:00,6.00,4/14/2025 10:46:00,4/14/2025,Apr,2025,,,,,,
4/19/2025 7:51:59,4.01,4/14/2025 7:51:59,4/14/2025,Apr,2025,,,,,,
4/22/2025 13:38:37,6.00,4/21/2025 13:38:37,4/21/2025,Apr,2025,,,,,,
4/23/2025 14:27:43,6.00,4/21/2025 14:27:43,4/21/2025,Apr,2025,,,,,,
4/24/2025 9:49:50,4.00,4/21/2025 9:49:50,4/21/2025,Apr,2025,,,,,,
4/25/2025 14:43:05,3.01,4/21/2025 14:43:05,4/21/2025,Apr,2025,,,,,,
4/27/2025 11:55:02,4.01,4/21/2025 11:55:02,4/21/2025,Apr,2025,,,,,,
5/1/2025 11:20:55,2.01,4/28/2025 11:20:55,4/28/2025,May,2025,,,,,,
5/3/2025 8:04:41,3.18,4/28/2025 8:04:41,4/28/2025,May,2025,,,,,,
5/7/2025 14:20:46,4.01,5/5/2025 14:20:46,5/5/2025,May,2025,,,,,,
5/8/2025 10:01:59,4.00,5/5/2025 10:01:59,5/5/2025,May,2025,,,,,,
5/9/2025 14:32:47,5.01,5/5/2025 14:32:47,5/5/2025,May,2025,,,,,,
5/10/2025 11:43:55,6.00,5/5/2025 11:43:55,5/5/2025,May,2025,,,,,,
5/20/2025 11:45:46,3.01,5/19/2025 11:45:46,5/19/2025,May,2025,,,,,,
5/30/2025 11:11:31,2.01,5/26/2025 11:11:31,5/26/2025,May,2025,,,,,,
5/31/2025 10:39:28,4.00,5/26/2025 10:39:28,5/26/2025,May,2025,,,,,,
6/2/2025 11:34:39,5.01,6/2/2025 11:34:39,6/2/2025,Jun,2025,,,,,,
6/3/2025 15:12:58,5.00,6/2/2025 15:12:58,6/2/2025,Jun,2025,,,,,,
6/4/2025 9:36:33,6.01,6/2/2025 9:36:33,6/2/2025,Jun,2025,,,,,,
6/6/2025 12:28:36,3.01,6/2/2025 12:28:36,6/2/2025,Jun,2025,,,,,,
6/8/2025 7:19:32,4.00,6/2/2025 7:19:32,6/2/2025,Jun,2025,,,,,,
6/10/2025 14:22:05,5.00,6/9/2025 14:22:05,6/9/2025,Jun,2025,,,,,,
6/11/2025 10:52:32,6.00,6/9/2025 10:52:32,6/9/2025,Jun,2025,,,,,,
6/12/2025 10:07:05,3.06,6/9/2025 10:07:05,6/9/2025,Jun,2025,,,,,,
6/14/2025 7:54:41,6.41,6/9/2025 7:54:41,6/9/2025,Jun,2025,,,,,,
6/17/2025 9:08:21,3.01,6/16/2025 9:08:21,6/16/2025,Jun,2025,,,,,,
6/18/2025 14:59:02,3.00,6/16/2025 14:59:02,6/16/2025,Jun,2025,,,,,,
6/20/2025 7:20:18,2.01,6/16/2025 7:20:18,6/16/2025,Jun,2025,,,,,,
6/21/2025 7:32:31,3.01,6/16/2025 7:32:31,6/16/2025,Jun,2025,,,,,,
6/22/2025 6:53:42,3.01,6/16/2025 6:53:42,6/16/2025,Jun,2025,,,,,,
6/24/2025 6:11:25,4.00,6/23/2025 6:11:25,6/23/2025,Jun,2025,,,,,,
6/25/2025 7:00:43,3.01,6/23/2025 7:00:43,6/23/2025,Jun,2025,,,,,,
6/27/2025 12:07:22,4.01,6/23/2025 12:07:22,6/23/2025,Jun,2025,,,,,,
6/29/2025 8:26:24,4.09,6/23/2025 8:26:24,6/23/2025,Jun,2025,,,,,,
7/1/2025 11:26:03,3.00,6/30/2025 11:26:03,6/30/2025,Jul,2025,,,,,,
7/4/2025 8:32:12,4.02,6/30/2025 8:32:12,6/30/2025,Jul,2025,,,,,,
7/6/2025 8:08:37,3.01,6/30/2025 8:08:37,6/30/2025,Jul,2025,,,,,,
7/8/2025 10:50:45,3.01,7/7/2025 10:50:45,7/7/2025,Jul,2025,,,,,,
7/9/2025 9:54:20,2.01,7/7/2025 9:54:20,7/7/2025,Jul,2025,,,,,,
7/11/2025 10:55:20,3.00,7/7/2025 10:55:20,7/7/2025,Jul,2025,,,,,,
7/14/2025 11:22:15,3.01,7/14/2025 11:22:15,7/14/2025,Jul,2025,,,,,,
7/15/2025 11:34:10,3.03,7/14/2025 11:34:10,7/14/2025,Jul,2025,,,,,,
7/17/2025 11:26:04,4.36,7/14/2025 11:26:04,7/14/2025,Jul,2025,,,,,,
7/18/2025 15:32:50,4.34,7/14/2025 15:32:50,7/14/2025,Jul,2025,,,,,,
7/20/2025 7:51:42,6.01,7/14/2025 7:51:42,7/14/2025,Jul,2025,,,,,,
7/22/2025 11:33:50,4.01,7/21/2025 11:33:50,7/21/2025,Jul,2025,,,,,,
7/23/2025 10:18:35,4.37,7/21/2025 10:18:35,7/21/2025,Jul,2025,,,,,,
7/25/2025 10:00:26,4.30,7/21/2025 10:00:26,7/21/2025,Jul,2025,,,,,,
7/26/2025 10:41:25,5.37,7/21/2025 10:41:25,7/21/2025,Jul,2025,,,,,,
7/27/2025 11:15:42,5.28,7/21/2025 11:15:42,7/21/2025,Jul,2025,,,,,,
7/29/2025 11:04:56,5.32,7/28/2025 11:04:56,7/28/2025,Jul,2025,,,,,,
7/30/2025 11:11:47,5.37,7/28/2025 11:11:47,7/28/2025,Jul,2025,,,,,,
8/1/2025 11:13:55,6.24,7/28/2025 11:13:55,7/28/2025,Aug,2025,,,,,,
8/2/2025 11:59:29,6.23,7/28/2025 11:59:29,7/28/2025,Aug,2025,,,,,,
8/3/2025 8:45:08,3.01,7/28/2025 8:45:08,7/28/2025,Aug,2025,,,,,,
8/5/2025 13:56:55,3.01,8/4/2025 13:56:55,8/4/2025,Aug,2025,,,,,,
8/6/2025 11:27:56,4.01,8/4/2025 11:27:56,8/4/2025,Aug,2025,,,,,,
8/9/2025 9:24:13,5.00,8/4/2025 9:24:13,8/4/2025,Aug,2025,,,,,,
8/11/2025 10:18:52,5.01,8/11/2025 10:18:52,8/11/2025,Aug,2025,,,,,,
8/12/2025 10:40:54,6.01,8/11/2025 10:40:54,8/11/2025,Aug,2025,,,,,,
8/14/2025 11:10:22,6.00,8/11/2025 11:10:22,8/11/2025,Aug,2025,,,,,,
8/15/2025 10:51:59,5.01,8/11/2025 10:51:59,8/11/2025,Aug,2025,,,,,,
8/16/2025 11:41:30,7.01,8/11/2025 11:41:30,8/11/2025,Aug,2025,,,,,,
8/18/2025 11:25:57,8.00,8/18/2025 11:25:57,8/18/2025,Aug,2025,,,,,,
8/19/2025 12:23:55,3.00,8/18/2025 12:23:55,8/18/2025,Aug,2025,,,,,,
8/20/2025 14:49:28,6.01,8/18/2025 14:49:28,8/18/2025,Aug,2025,,,,,,
8/21/2025 11:44:30,4.01,8/18/2025 11:44:30,8/18/2025,Aug,2025,,,,,,
8/22/2025 11:06:16,3.00,8/18/2025 11:06:16,8/18/2025,Aug,2025,,,,,,
8/23/2025 7:32:11,6.37,8/18/2025 7:32:11,8/18/2025,Aug,2025,,,,,,
8/25/2025 11:00:54,5.01,8/25/2025 11:00:54,8/25/2025,Aug,2025,,,,,,
8/26/2025 15:15:59,4.01,8/25/2025 15:15:59,8/25/2025,Aug,2025,,,,,,
8/27/2025 11:46:14,6.00,8/25/2025 11:46:14,8/25/2025,Aug,2025,,,,,,
8/28/2025 15:01:26,4.01,8/25/2025 15:01:26,8/25/2025,Aug,2025,,,,,,
8/29/2025 11:11:40,9.01,8/25/2025 11:11:40,8/25/2025,Aug,2025,,,,,,
8/31/2025 7:45:28,5.01,8/25/2025 7:45:28,8/25/2025,Aug,2025,,,,,,
9/1/2025 7:53:55,4.01,9/1/2025 7:53:55,9/1/2025,Sep,2025,,,,,,
9/2/2025 8:33:55,7.04,9/1/2025 8:33:55,9/1/2025,Sep,2025,,,,,,
9/4/2025 11:19:21,5.01,9/1/2025 11:19:21,9/1/2025,Sep,2025,,,,,,
9/5/2025 10:44:17,4.01,9/1/2025 10:44:17,9/1/2025,Sep,2025,,,,,,
9/7/2025 8:25:07,1.01,9/1/2025 8:25:07,9/1/2025,Sep,2025,,,,,,
9/9/2025 13:38:33,4.01,9/8/2025 13:38:33,9/8/2025,Sep,2025,,,,,,
9/10/2025 12:38:13,6.01,9/8/2025 12:38:13,9/8/2025,Sep,2025,,,,,,
9/11/2025 8:54:09,7.01,9/8/2025 8:54:09,9/8/2025,Sep,2025,,,,,,
9/12/2025 9:06:02,5.01,9/8/2025 9:06:02,9/8/2025,Sep,2025,,,,,,
9/13/2025 7:25:42,3.01,9/8/2025 7:25:42,9/8/2025,Sep,2025,,,,,,
9/14/2025 8:25:03,10.10,9/8/2025 8:25:03,9/8/2025,Sep,2025,,,,,,
9/16/2025 11:29:34,6.01,9/15/2025 11:29:34,9/15/2025,Sep,2025,,,,,,
9/17/2025 14:56:44,7.00,9/15/2025 14:56:44,9/15/2025,Sep,2025,,,,,,
9/18/2025 11:22:11,4.00,9/15/2025 11:22:11,9/15/2025,Sep,2025,,,,,,
9/19/2025 14:51:29,6.21,9/15/2025 14:51:29,9/15/2025,Sep,2025,,,,,,
9/20/2025 8:26:16,3.01,9/15/2025 8:26:16,9/15/2025,Sep,2025,,,,,,
9/21/2025 10:01:04,12.00,9/15/2025 10:01:04,9/15/2025,Sep,2025,,,,,,
9/25/2025 10:24:20,5.01,9/22/2025 10:24:20,9/22/2025,Sep,2025,,,,,,
9/26/2025 10:54:05,6.01,9/22/2025 10:54:05,9/22/2025,Sep,2025,,,,,,
9/27/2025 9:55:19,5.00,9/22/2025 9:55:19,9/22/2025,Sep,2025,,,,,,
9/28/2025 9:41:35,6.00,9/22/2025 9:41:35,9/22/2025,Sep,2025,,,,,,
9/30/2025 9:41:14,3.00,9/29/2025 9:41:14,9/29/2025,Sep,2025,,,,,,
9/30/2025 10:17:48,1.00,9/29/2025 10:17:48,9/29/2025,Sep,2025,,,,,,
10/2/2025 11:03:21,5.01,9/29/2025 11:03:21,9/29/2025,Oct,2025,,,,,,
10/3/2025 11:15:40,4.01,9/29/2025 11:15:40,9/29/2025,Oct,2025,,,,,,
10/4/2025 11:07:57,3.11,9/29/2025 11:07:57,9/29/2025,Oct,2025,,,,,,
10/5/2025 9:00:53,3.11,9/29/2025 9:00:53,9/29/2025,Oct,2025,,,,,,
10/9/2025 14:33:01,4.01,10/6/2025 14:33:01,10/6/2025,Oct,2025,,,,,,
10/10/2025 11:04:30,6.00,10/6/2025 11:04:30,10/6/2025,Oct,2025,,,,,,
10/11/2025 10:38:19,1.46,10/6/2025 10:38:19,10/6/2025,Oct,2025,,,,,,
10/14/2025 11:23:54,6.00,10/13/2025 11:23:54,10/13/2025,Oct,2025,,,,,,
10/15/2025 10:21:10,6.02,10/13/2025 10:21:10,10/13/2025,Oct,2025,,,,,,
10/16/2025 14:40:48,6.02,10/13/2025 14:40:48,10/13/2025,Oct,2025,,,,,,
10/17/2025 11:06:42,6.04,10/13/2025 11:06:42,10/13/2025,Oct,2025,,,,,,
10/18/2025 11:27:36,5.03,10/13/2025 11:27:36,10/13/2025,Oct,2025,,,,,,
10/19/2025 11:54:53,13.15,10/13/2025 11:54:53,10/13/2025,Oct,2025,,,,,,
10/21/2025 10:59:46,6.01,10/20/2025 10:59:46,10/20/2025,Oct,2025,,,,,,
10/22/2025 15:00:00,6.01,10/20/2025 15:00:00,10/20/2025,Oct,2025,,,,,,
10/23/2025 11:34:59,9.01,10/20/2025 11:34:59,10/20/2025,Oct,2025,,,,,,
10/24/2025 9:57:44,4.02,10/20/2025 9:57:44,10/20/2025,Oct,2025,,,,,,
10/25/2025 11:40:28,6.02,10/20/2025 11:40:28,10/20/2025,Oct,2025,,,,,,
10/26/2025 11:20:24,14.01,10/20/2025 11:20:24,10/20/2025,Oct,2025,,,,,,
10/28/2025 12:35:49,5.37,10/27/2025 12:35:49,10/27/2025,Oct,2025,,,,,,
10/31/2025 12:00:47,8.01,10/27/2025 12:00:47,10/27/2025,Oct,2025,,,,,,
11/1/2025 9:44:09,3.01,10/27/2025 9:44:09,10/27/2025,Nov,2025,,,,,,
11/2/2025 12:19:08,8.00,10/27/2025 12:19:08,10/27/2025,Nov,2025,,,,,,
11/3/2025 11:32:23,6.00,11/3/2025 11:32:23,11/3/2025,Nov,2025,,,,,,
11/4/2025 12:56:32,6.01,11/3/2025 12:56:32,11/3/2025,Nov,2025,,,,,,
11/5/2025 10:58:30,10.02,11/3/2025 10:58:30,11/3/2025,Nov,2025,,,,,,
11/6/2025 15:18:18,5.01,11/3/2025 15:18:18,11/3/2025,Nov,2025,,,,,,
11/7/2025 10:51:08,6.09,11/3/2025 10:51:08,11/3/2025,Nov,2025,,,,,,
11/8/2025 11:19:43,15.01,11/3/2025 11:19:43,11/3/2025,Nov,2025,,,,,,
11/13/2025 8:53:38,8.01,11/10/2025 8:53:38,11/10/2025,Nov,2025,,,,,,
11/14/2025 9:09:55,9.01,11/10/2025 9:09:55,11/10/2025,Nov,2025,,,,,,
11/16/2025 11:51:13,16.01,11/10/2025 11:51:13,11/10/2025,Nov,2025,,,,,,
11/18/2025 14:54:21,5.01,11/17/2025 14:54:21,11/17/2025,Nov,2025,,,,,,
11/19/2025 11:03:47,4.04,11/17/2025 11:03:47,11/17/2025,Nov,2025,,,,,,
11/20/2025 14:45:48,5.01,11/17/2025 14:45:48,11/17/2025,Nov,2025,,,,,,
11/21/2025 11:16:45,4.02,11/17/2025 11:16:45,11/17/2025,Nov,2025,,,,,,
11/23/2025 8:00:31,4.07,11/17/2025 8:00:31,11/17/2025,Nov,2025,,,,,,
11/25/2025 11:38:57,3.01,11/24/2025 11:38:57,11/24/2025,Nov,2025,,,,,,
11/27/2025 9:35:24,3.11,11/24/2025 9:35:24,11/24/2025,Nov,2025,,,,,,
12/1/2025 11:17:46,6.02,12/1/2025 11:17:46,12/1/2025,Dec,2025,,,,,,
12/2/2025 14:51:45,5.72,12/1/2025 14:51:45,12/1/2025,Dec,2025,,,,,,
12/3/2025 11:26:07,10.01,12/1/2025 11:26:07,12/1/2025,Dec,2025,,,,,,
12/4/2025 14:36:31,7.01,12/1/2025 14:36:31,12/1/2025,Dec,2025,,,,,,
12/5/2025 12:02:19,6.34,12/1/2025 12:02:19,12/1/2025,Dec,2025,,,,,,
12/6/2025 11:56:41,15.01,12/1/2025 11:56:41,12/1/2025,Dec,2025,,,,,,
12/8/2025 7:50:07,1.00,12/8/2025 7:50:07,12/8/2025,Dec,2025,,,,,,
12/9/2025 8:00:01,5.54,12/8/2025 8:00:01,12/8/2025,Dec,2025,,,,,,
12/10/2025 7:58:33,5.76,12/8/2025 7:58:33,12/8/2025,Dec,2025,,,,,,
12/13/2025 7:36:49,5.63,12/8/2025 7:36:49,12/8/2025,Dec,2025,,,,,,
12/15/2025 11:48:30,7.55,12/15/2025 11:48:30,12/15/2025,Dec,2025,,,,,,
12/16/2025 11:20:41,8.01,12/15/2025 11:20:41,12/15/2025,Dec,2025,,,,,,
12/17/2025 11:23:10,7.01,12/15/2025 11:23:10,12/15/2025,Dec,2025,,,,,,
12/18/2025 11:05:45,8.03,12/15/2025 11:05:45,12/15/2025,Dec,2025,,,,,,
12/20/2025 13:10:20,9.02,12/15/2025 13:10:20,12/15/2025,Dec,2025,,,,,,
12/21/2025 11:44:43,12.02,12/15/2025 11:44:43,12/15/2025,Dec,2025,,,,,,
12/22/2025 12:29:59,8.02,12/22/2025 12:29:59,12/22/2025,Dec,2025,,,,,,
12/23/2025 11:30:38,7.01,12/22/2025 11:30:38,12/22/2025,Dec,2025,,,,,,
12/24/2025 10:56:25,13.15,12/22/2025 10:56:25,12/22/2025,Dec,2025,,,,,,
12/26/2025 11:57:34,9.02,12/22/2025 11:57:34,12/22/2025,Dec,2025,,,,,,
12/29/2025 11:20:40,7.11,12/29/2025 11:20:40,12/29/2025,Dec,2025,,,,,,
12/30/2025 11:32:36,12.03,12/29/2025 11:32:36,12/29/2025,Dec,2025,,,,,,
1/1/2026 13:20:11,7.00,12/29/2025 13:20:11,12/29/2025,Jan,2026,,,,,,
1/2/2026 11:02:40,8.02,12/29/2025 11:02:40,12/29/2025,Jan,2026,,,,,,
1/3/2026 11:32:58,9.02,12/29/2025 11:32:58,12/29/2025,Jan,2026,,,,,,
1/4/2026 11:54:22,13.12,12/29/2025 11:54:22,12/29/2025,Jan,2026,,,,,,
1/6/2026 11:10:43,8.02,1/5/2026 11:10:43,1/5/2026,Jan,2026,,,,,,
1/7/2026 11:15:54,9.02,1/5/2026 11:15:54,1/5/2026,Jan,2026,,,,,,
1/8/2026 11:19:44,11.02,1/5/2026 11:19:44,1/5/2026,Jan,2026,,,,,,
1/9/2026 11:17:48,8.01,1/5/2026 11:17:48,1/5/2026,Jan,2026,,,,,,
1/10/2026 10:21:09,8.01,1/5/2026 10:21:09,1/5/2026,Jan,2026,,,,,,
1/11/2026 11:09:25,14.02,1/5/2026 11:09:25,1/5/2026,Jan,2026,,,,,,
1/13/2026 11:00:35,6.01,1/12/2026 11:00:35,1/12/2026,Jan,2026,,,,,,
1/14/2026 15:04:14,7.01,1/12/2026 15:04:14,1/12/2026,Jan,2026,,,,,,
1/15/2026 11:47:46,8.01,1/12/2026 11:47:46,1/12/2026,Jan,2026,,,,,,
1/16/2026 11:04:07,7.02,1/12/2026 11:04:07,1/12/2026,Jan,2026,,,,,,
1/19/2026 11:08:33,7.01,1/19/2026 11:08:33,1/19/2026,Jan,2026,,,,,,
1/20/2026 11:27:26,9.00,1/19/2026 11:27:26,1/19/2026,Jan,2026,,,,,,
1/21/2026 11:16:14,8.00,1/19/2026 11:16:14,1/19/2026,Jan,2026,,,,,,
1/22/2026 11:19:59,9.00,1/19/2026 11:19:59,1/19/2026,Jan,2026,,,,,,
1/23/2026 11:54:51,8.03,1/19/2026 11:54:51,1/19/2026,Jan,2026,,,,,,
1/24/2026 11:31:07,14.03,1/19/2026 11:31:07,1/19/2026,Jan,2026,,,,,,
1/27/2026 11:34:15,9.03,1/26/2026 11:34:15,1/26/2026,Jan,2026,,,,,,
1/28/2026 11:31:18,11.02,1/26/2026 11:31:18,1/26/2026,Jan,2026,,,,,,
1/29/2026 14:55:15,8.02,1/26/2026 14:55:15,1/26/2026,Jan,2026,,,,,,
1/30/2026 11:19:20,9.04,1/26/2026 11:19:20,1/26/2026,Jan,2026,,,,,,
1/31/2026 11:44:20,15.05,1/26/2026 11:44:20,1/26/2026,Jan,2026,,,,,,
2/2/2026 11:28:11,9.03,2/2/2026 11:28:11,2/2/2026,Feb,2026,,,,,,
2/3/2026 11:23:40,10.03,2/2/2026 11:23:40,2/2/2026,Feb,2026,,,,,,
2/4/2026 11:25:34,14.02,2/2/2026 11:25:34,2/2/2026,Feb,2026,,,,,,
2/9/2026 12:26:06,7.01,2/9/2026 12:26:06,2/9/2026,Feb,2026,,,,,,
2/10/2026 10:28:13,9.01,2/9/2026 10:28:13,2/9/2026,Feb,2026,,,,,,
2/11/2026 11:38:07,11.05,2/9/2026 11:38:07,2/9/2026,Feb,2026,,,,,,
2/12/2026 14:57:58,6.42,2/9/2026 14:57:58,2/9/2026,Feb,2026,,,,,,
2/13/2026 11:38:30,8.08,2/9/2026 11:38:30,2/9/2026,Feb,2026,,,,,,
2/14/2026 10:36:03,16.01,2/9/2026 10:36:03,2/9/2026,Feb,2026,,,,,,
2/16/2026 9:26:53,6.00,2/16/2026 9:26:53,2/16/2026,Feb,2026,,,,,,
2/17/2026 9:27:34,10.01,2/16/2026 9:27:34,2/16/2026,Feb,2026,,,,,,
2/19/2026 11:47:20,12.01,2/16/2026 11:47:20,2/16/2026,Feb,2026,,,,,,
2/20/2026 14:53:45,8.01,2/16/2026 14:53:45,2/16/2026,Feb,2026,,,,,,
2/21/2026 12:20:07,2.00,2/16/2026 12:20:07,2/16/2026,Feb,2026,,,,,,
2/26/2026 11:42:58,7.01,2/23/2026 11:42:58,2/23/2026,Feb,2026,,,,,,
2/27/2026 11:41:28,9.01,2/23/2026 11:41:28,2/23/2026,Feb,2026,,,,,,
2/28/2026 11:12:18,12.01,2/23/2026 11:12:18,2/23/2026,Feb,2026,,,,,,
3/2/2026 11:06:43,10.01,3/2/2026 11:06:43,3/2/2026,Mar,2026,,,,,,
3/3/2026 11:15:53,7.12,3/2/2026 11:15:53,3/2/2026,Mar,2026,,,,,,
3/4/2026 11:31:49,9.03,3/2/2026 11:31:49,3/2/2026,Mar,2026,,,,,,
3/6/2026 12:38:21,12.02,3/2/2026 12:38:21,3/2/2026,Mar,2026,,,,,,
3/7/2026 11:31:21,7.01,3/2/2026 11:31:21,3/2/2026,Mar,2026,,,,,,
3/8/2026 13:23:33,17.01,3/2/2026 13:23:33,3/2/2026,Mar,2026,,,,,,
3/10/2026 11:58:46,8.01,3/9/2026 11:58:46,3/9/2026,Mar,2026,,,,,,
3/11/2026 11:29:59,10.01,3/9/2026 11:29:59,3/9/2026,Mar,2026,,,,,,
3/12/2026 11:58:36,8.00,3/9/2026 11:58:36,3/9/2026,Mar,2026,,,,,,
3/13/2026 10:59:15,9.02,3/9/2026 10:59:15,3/9/2026,Mar,2026,,,,,,
3/14/2026 11:44:29,8.01,3/9/2026 11:44:29,3/9/2026,Mar,2026,,,,,,
3/15/2026 11:09:49,18.02,3/9/2026 11:09:49,3/9/2026,Mar,2026,,,,,,
3/17/2026 11:20:35,7.01,3/16/2026 11:20:35,3/16/2026,Mar,2026,,,,,,
3/18/2026 11:18:58,8.01,3/16/2026 11:18:58,3/16/2026,Mar,2026,,,,,,
3/19/2026 11:14:46,7.02,3/16/2026 11:14:46,3/16/2026,Mar,2026,,,,,,
3/20/2026 11:26:01,8.01,3/16/2026 11:26:01,3/16/2026,Mar,2026,,,,,,
3/21/2026 11:39:23,10.02,3/16/2026 11:39:23,3/16/2026,Mar,2026,,,,,,
3/22/2026 11:18:02,12.02,3/16/2026 11:18:02,3/16/2026,Mar,2026,,,,,,
3/24/2026 11:41:28,8.01,3/23/2026 11:41:28,3/23/2026,Mar,2026,,,,,,
3/25/2026 11:23:01,7.02,3/23/2026 11:23:01,3/23/2026,Mar,2026,,,,,,
3/26/2026 11:14:14,5.01,3/23/2026 11:14:14,3/23/2026,Mar,2026,,,,,,
3/27/2026 11:24:42,4.01,3/23/2026 11:24:42,3/23/2026,Mar,2026,,,,,,
3/29/2026 9:04:01,3.15,3/23/2026 9:04:01,3/23/2026,Mar,2026,,,,,,
3/30/2026 10:07:18,7.01,3/30/2026 10:07:18,3/30/2026,Mar,2026,,,,,,
3/31/2026 11:06:19,8.01,3/30/2026 11:06:19,3/30/2026,Mar,2026,,,,,,
4/1/2026 11:13:26,8.01,3/30/2026 11:13:26,3/30/2026,Apr,2026,,,,,,
4/2/2026 11:40:22,12.01,3/30/2026 11:40:22,3/30/2026,Apr,2026,,,,,,
4/3/2026 11:32:17,8.01,3/30/2026 11:32:17,3/30/2026,Apr,2026,,,,,,
4/4/2026 12:03:12,10.66,3/30/2026 12:03:12,3/30/2026,Apr,2026,,,,,,
4/6/2026 13:24:02,10.01,4/6/2026 13:24:02,4/6/2026,Apr,2026,,,,,,
4/7/2026 14:15:37,8.01,4/6/2026 14:15:37,4/6/2026,Apr,2026,,,,,,
4/8/2026 12:09:24,12.01,4/6/2026 12:09:24,4/6/2026,Apr,2026,,,,,,
4/9/2026 11:33:40,10.02,4/6/2026 11:33:40,4/6/2026,Apr,2026,,,,,,
4/10/2026 10:46:53,8.01,4/6/2026 10:46:53,4/6/2026,Apr,2026,,,,,,
4/11/2026 11:21:55,18.01,4/6/2026 11:21:55,4/6/2026,Apr,2026,,,,,,
4/14/2026 8:19:09,8.01,4/13/2026 8:19:09,4/13/2026,Apr,2026,,,,,,
4/15/2026 6:37:38,9.02,4/13/2026 6:37:38,4/13/2026,Apr,2026,,,,,,
4/16/2026 9:48:58,12.01,4/13/2026 9:48:58,4/13/2026,Apr,2026,,,,,,
4/17/2026 11:09:07,7.01,4/13/2026 11:09:07,4/13/2026,Apr,2026,,,,,,
4/18/2026 10:50:24,18.01,4/13/2026 10:50:24,4/13/2026,Apr,2026,,,,,,
4/20/2026 11:15:26,12.01,4/20/2026 11:15:26,4/20/2026,Apr,2026,,,,,,
4/21/2026 11:34:45,8.02,4/20/2026 11:34:45,4/20/2026,Apr,2026,,,,,,
4/22/2026 10:58:09,11.01,4/20/2026 10:58:09,4/20/2026,Apr,2026,,,,,,
4/23/2026 12:04:58,9.01,4/20/2026 12:04:58,4/20/2026,Apr,2026,,,,,,
4/24/2026 9:24:19,15.02,4/20/2026 9:24:19,4/20/2026,Apr,2026,,,,,,
4/26/2026 11:34:41,7.68,4/20/2026 11:34:41,4/20/2026,Apr,2026,,,,,,
4/27/2026 10:44:41,1.01,4/27/2026 10:44:41,4/27/2026,Apr,2026,,,,,,
4/29/2026 10:15:17,2.00,4/27/2026 10:15:17,4/27/2026,Apr,2026,,,,,,
5/8/2026 12:59:09,9.01,5/4/2026 12:59:09,5/4/2026,May,2026,,,,,,
5/11/2026 11:06:49,12.03,5/11/2026 11:06:49,5/11/2026,May,2026,,,,,,
5/12/2026 12:27:14,9.01,5/11/2026 12:27:14,5/11/2026,May,2026,,,,,,
5/13/2026 11:35:19,8.08,5/11/2026 11:35:19,5/11/2026,May,2026,,,,,,
5/14/2026 11:23:55,8.01,5/11/2026 11:23:55,5/11/2026,May,2026,,,,,,
5/15/2026 11:31:37,8.01,5/11/2026 11:31:37,5/11/2026,May,2026,,,,,,
5/16/2026 11:19:09,9.01,5/11/2026 11:19:09,5/11/2026,May,2026,,,,,,
5/19/2026 11:03:28,8.00,5/18/2026 11:03:28,5/18/2026,May,2026,,,,,,
5/20/2026 11:32:25,8.01,5/18/2026 11:32:25,5/18/2026,May,2026,,,,,,
5/21/2026 11:08:17,8.00,5/18/2026 11:08:17,5/18/2026,May,2026,,,,,,
5/22/2026 11:00:28,8.10,5/18/2026 11:00:28,5/18/2026,May,2026,,,,,,