Date,Miles,Week Helper,Week (Monday),Month,Year,Duration(Mins),Average Pace,Activity Type,Average Heart Rate,Average Run Cadence,Average Stride Length
8/2/2021,1.89,8/2/2021 4:35:18,8/2/2021,Aug,2021,#N/A,#N/A,Running,#N/A,#N/A,#N/A
8/4/2021,1.66,8/2/2021 5:37:33,8/2/2021,Aug,2021,#N/A,#N/A,Running,#N/A,#N/A,#N/A
8/7/2021,2.01,8/2/2021 11:32:31,8/2/2021,Aug,2021,#N/A,#N/A,Running,#N/A,#N/A,#N/A
8/10/2021,1.52,8/9/2021 5:14:12,8/9/2021,Aug,2021,#N/A,#N/A,Running,#N/A,#N/A,#N/A
8/12/2021,1.56,8/9/2021 5:35:46,8/9/2021,Aug,2021,#N/A,#N/A,Running,#N/A,#N/A,#N/A
8/16/2021,2.11,8/16/2021 11:31:26,8/16/2021,Aug,2021,#N/A,#N/A,Running,#N/A,#N/A,#N/A
8/18/2021,1.41,8/16/2021 11:27:41,8/16/2021,Aug,2021,#N/A,#N/A,Running,#N/A,#N/A,#N/A
8/21/2021,2.05,8/16/2021 5:24:54,8/16/2021,Aug,2021,#N/A,#N/A,Running,#N/A,#N/A,#N/A
8/24/2021,1.45,8/23/2021 6:06:18,8/23/2021,Aug,2021,#N/A,#N/A,Running,#N/A,#N/A,#N/A
8/27/2021,1.47,8/23/2021 13:24:11,8/23/2021,Aug,2021,#N/A,#N/A,Running,#N/A,#N/A,#N/A
8/30/2021,1.39,8/30/2021 13:38:13,8/30/2021,Aug,2021,#N/A,#N/A,Running,#N/A,#N/A,#N/A
9/3/2021,1.78,8/30/2021 6:00:24,8/30/2021,Sep,2021,#N/A,#N/A,Running,#N/A,#N/A,#N/A
9/7/2021,1.38,9/6/2021 5:34:34,9/6/2021,Sep,2021,#N/A,#N/A,Running,#N/A,#N/A,#N/A
9/8/2021,1.37,9/6/2021 10:07:51,9/6/2021,Sep,2021,#N/A,#N/A,Running,#N/A,#N/A,#N/A
9/12/2021,1.39,9/6/2021 5:38:36,9/6/2021,Sep,2021,#N/A,#N/A,Running,#N/A,#N/A,#N/A
9/13/2021,1.38,9/13/2021 13:14:07,9/13/2021,Sep,2021,#N/A,#N/A,Running,#N/A,#N/A,#N/A
9/14/2021,1.72,9/13/2021 6:23:14,9/13/2021,Sep,2021,#N/A,#N/A,Running,#N/A,#N/A,#N/A
9/15/2021,1.71,9/13/2021 6:23:51,9/13/2021,Sep,2021,#N/A,#N/A,Running,#N/A,#N/A,#N/A
9/16/2021,1.26,9/13/2021 6:02:57,9/13/2021,Sep,2021,#N/A,#N/A,Running,#N/A,#N/A,#N/A
9/17/2021,1.21,9/13/2021 6:07:22,9/13/2021,Sep,2021,#N/A,#N/A,Running,#N/A,#N/A,#N/A
9/21/2021,1.44,9/20/2021 13:15:01,9/20/2021,Sep,2021,#N/A,#N/A,Running,#N/A,#N/A,#N/A
9/22/2021,1.54,9/20/2021 6:09:12,9/20/2021,Sep,2021,#N/A,#N/A,Running,#N/A,#N/A,#N/A
9/23/2021,1.48,9/20/2021 12:55:29,9/20/2021,Sep,2021,#N/A,#N/A,Running,#N/A,#N/A,#N/A
10/2/2021,2.03,9/27/2021 13:21:16,9/27/2021,Oct,2021,#N/A,#N/A,Running,#N/A,#N/A,#N/A
10/3/2021,1.45,9/27/2021 13:22:17,9/27/2021,Oct,2021,#N/A,#N/A,Running,#N/A,#N/A,#N/A
10/5/2021,1.36,10/4/2021 13:20:34,10/4/2021,Oct,2021,#N/A,#N/A,Running,#N/A,#N/A,#N/A
10/8/2021,1.74,10/4/2021 5:34:09,10/4/2021,Oct,2021,#N/A,#N/A,Running,#N/A,#N/A,#N/A
10/12/2021,1.22,10/11/2021 4:39:51,10/11/2021,Oct,2021,#N/A,#N/A,Running,#N/A,#N/A,#N/A
10/13/2021,1.35,10/11/2021 5:10:26,10/11/2021,Oct,2021,#N/A,#N/A,Running,#N/A,#N/A,#N/A
10/15/2021,1.19,10/11/2021 5:21:38,10/11/2021,Oct,2021,#N/A,#N/A,Running,#N/A,#N/A,#N/A
11/1/2021,1.54,11/1/2021 13:16:04,11/1/2021,Nov,2021,#N/A,#N/A,Running,#N/A,#N/A,#N/A
11/8/2021,1.50,11/8/2021 6:01:21,11/8/2021,Nov,2021,#N/A,#N/A,Running,#N/A,#N/A,#N/A
11/19/2021,1.38,11/15/2021 7:40:42,11/15/2021,Nov,2021,#N/A,#N/A,Running,#N/A,#N/A,#N/A
11/24/2021,1.36,11/22/2021 5:43:04,11/22/2021,Nov,2021,#N/A,#N/A,Running,#N/A,#N/A,#N/A
11/25/2021,1.51,11/22/2021 6:17:14,11/22/2021,Nov,2021,#N/A,#N/A,Running,#N/A,#N/A,#N/A
5/20/2022,1.09,5/16/2022 7:13:20,5/16/2022,May,2022,#N/A,#N/A,Running,#N/A,#N/A,#N/A
5/23/2022,1.35,5/23/2022 6:11:40,5/23/2022,May,2022,#N/A,#N/A,Running,#N/A,#N/A,#N/A
5/29/2022,1.34,5/23/2022 6:24:58,5/23/2022,May,2022,#N/A,#N/A,Running,#N/A,#N/A,#N/A
6/17/2022,1.34,6/13/2022 13:12:11,6/13/2022,Jun,2022,#N/A,#N/A,Running,#N/A,#N/A,#N/A
6/20/2022,1.43,6/20/2022 6:49:53,6/20/2022,Jun,2022,#N/A,#N/A,Running,#N/A,#N/A,#N/A
7/1/2022,1.25,6/27/2022 7:27:55,6/27/2022,Jul,2022,#N/A,#N/A,Running,#N/A,#N/A,#N/A
7/18/2022,1.13,7/18/2022 7:57:59,7/18/2022,Jul,2022,#N/A,#N/A,Running,#N/A,#N/A,#N/A
9/4/2022,1.35,8/29/2022 8:24:37,8/29/2022,Sep,2022,#N/A,#N/A,Running,#N/A,#N/A,#N/A
9/12/2022,1.45,9/12/2022 16:40:57,9/12/2022,Sep,2022,#N/A,#N/A,Running,#N/A,#N/A,#N/A
9/23/2022,2.61,9/19/2022 4:10:37,9/19/2022,Sep,2022,#N/A,#N/A,Running,#N/A,#N/A,#N/A
10/10/2022,1.46,10/10/2022 8:04:45,10/10/2022,Oct,2022,#N/A,#N/A,Running,#N/A,#N/A,#N/A
10/16/2022,1.34,10/10/2022 6:07:47,10/10/2022,Oct,2022,#N/A,#N/A,Running,#N/A,#N/A,#N/A
10/21/2022,1.31,10/17/2022 7:03:14,10/17/2022,Oct,2022,#N/A,#N/A,Running,#N/A,#N/A,#N/A
1/7/2023,1.30,1/2/2023 9:06:32,1/2/2023,Jan,2023,#N/A,#N/A,Running,#N/A,#N/A,#N/A
1/13/2023,1.39,1/9/2023 7:15:14,1/9/2023,Jan,2023,#N/A,#N/A,Running,#N/A,#N/A,#N/A
1/16/2023,1.34,1/16/2023 9:15:13,1/16/2023,Jan,2023,#N/A,#N/A,Running,#N/A,#N/A,#N/A
1/21/2023,1.44,1/16/2023 18:49:52,1/16/2023,Jan,2023,#N/A,#N/A,Running,#N/A,#N/A,#N/A
1/30/2023,1.39,1/30/2023 9:03:38,1/30/2023,Jan,2023,#N/A,#N/A,Running,#N/A,#N/A,#N/A
2/4/2023,1.41,1/30/2023 8:19:18,1/30/2023,Feb,2023,#N/A,#N/A,Running,#N/A,#N/A,#N/A
2/5/2023,1.40,1/30/2023 18:10:08,1/30/2023,Feb,2023,#N/A,#N/A,Running,#N/A,#N/A,#N/A
2/24/2023,1.43,2/20/2023 7:02:11,2/20/2023,Feb,2023,#N/A,#N/A,Running,#N/A,#N/A,#N/A
3/13/2023,1.45,3/13/2023 4:40:16,3/13/2023,Mar,2023,#N/A,#N/A,Running,#N/A,#N/A,#N/A
3/18/2023,1.30,3/13/2023 7:04:11,3/13/2023,Mar,2023,#N/A,#N/A,Running,#N/A,#N/A,#N/A
3/27/2023,1.73,3/27/2023 7:44:39,3/27/2023,Mar,2023,#N/A,#N/A,Running,#N/A,#N/A,#N/A
4/10/2023,2.06,4/10/2023 7:21:14,4/10/2023,Apr,2023,#N/A,#N/A,Running,#N/A,#N/A,#N/A
4/15/2023,1.54,4/10/2023 7:06:54,4/10/2023,Apr,2023,#N/A,#N/A,Running,#N/A,#N/A,#N/A
4/24/2023,1.73,4/24/2023 6:59:14,4/24/2023,Apr,2023,#N/A,#N/A,Running,#N/A,#N/A,#N/A
5/4/2023,2.23,5/1/2023 6:28:11,5/1/2023,May,2023,#N/A,#N/A,Running,#N/A,#N/A,#N/A
5/5/2023,2.28,5/1/2023 7:08:25,5/1/2023,May,2023,#N/A,#N/A,Running,#N/A,#N/A,#N/A
5/6/2023,1.97,5/1/2023 16:03:40,5/1/2023,May,2023,#N/A,#N/A,Running,#N/A,#N/A,#N/A
5/7/2023,2.01,5/1/2023 7:26:10,5/1/2023,May,2023,#N/A,#N/A,Running,#N/A,#N/A,#N/A
5/9/2023,1.03,5/8/2023 4:08:33,5/8/2023,May,2023,#N/A,#N/A,Running,#N/A,#N/A,#N/A
5/11/2023,2.55,5/8/2023 16:22:39,5/8/2023,May,2023,#N/A,#N/A,Running,#N/A,#N/A,#N/A
5/12/2023,1.65,5/8/2023 17:12:08,5/8/2023,May,2023,#N/A,#N/A,Running,#N/A,#N/A,#N/A
5/17/2023,2.12,5/15/2023 7:18:39,5/15/2023,May,2023,#N/A,#N/A,Running,#N/A,#N/A,#N/A
5/18/2023,2.98,5/15/2023 7:29:24,5/15/2023,May,2023,#N/A,#N/A,Running,#N/A,#N/A,#N/A
5/19/2023,2.19,5/15/2023 7:33:15,5/15/2023,May,2023,#N/A,#N/A,Running,#N/A,#N/A,#N/A
5/21/2023,2.18,5/15/2023 12:49:23,5/15/2023,May,2023,#N/A,#N/A,Running,#N/A,#N/A,#N/A
5/22/2023,1.95,5/22/2023 8:04:31,5/22/2023,May,2023,#N/A,#N/A,Running,#N/A,#N/A,#N/A
5/24/2023,2.04,5/22/2023 14:01:57,5/22/2023,May,2023,#N/A,#N/A,Running,#N/A,#N/A,#N/A
5/25/2023,1.90,5/22/2023 15:43:36,5/22/2023,May,2023,#N/A,#N/A,Running,#N/A,#N/A,#N/A
5/26/2023,1.91,5/22/2023 6:52:00,5/22/2023,May,2023,#N/A,#N/A,Running,#N/A,#N/A,#N/A
5/31/2023,2.06,5/29/2023 4:18:04,5/29/2023,May,2023,#N/A,#N/A,Running,#N/A,#N/A,#N/A
6/1/2023,1.98,5/29/2023 6:31:40,5/29/2023,Jun,2023,#N/A,#N/A,Running,#N/A,#N/A,#N/A
6/2/2023,2.03,5/29/2023 5:31:36,5/29/2023,Jun,2023,#N/A,#N/A,Running,#N/A,#N/A,#N/A
6/3/2023,1.97,5/29/2023 4:53:44,5/29/2023,Jun,2023,#N/A,#N/A,Running,#N/A,#N/A,#N/A
6/4/2023,2.78,5/29/2023 6:02:01,5/29/2023,Jun,2023,#N/A,#N/A,Running,#N/A,#N/A,#N/A
6/9/2023,1.86,6/5/2023 16:27:19,6/5/2023,Jun,2023,#N/A,#N/A,Running,#N/A,#N/A,#N/A
6/10/2023,2.92,6/5/2023 6:40:28,6/5/2023,Jun,2023,#N/A,#N/A,Running,#N/A,#N/A,#N/A
6/11/2023,1.92,6/5/2023 7:11:14,6/5/2023,Jun,2023,#N/A,#N/A,Running,#N/A,#N/A,#N/A
6/15/2023,2.14,6/12/2023 6:47:04,6/12/2023,Jun,2023,#N/A,#N/A,Running,#N/A,#N/A,#N/A
6/17/2023,2.82,6/12/2023 6:51:57,6/12/2023,Jun,2023,#N/A,#N/A,Running,#N/A,#N/A,#N/A
6/20/2023,1.09,6/19/2023 12:12:15,6/19/2023,Jun,2023,#N/A,#N/A,Running,#N/A,#N/A,#N/A
6/25/2023,1.96,6/19/2023 6:57:53,6/19/2023,Jun,2023,#N/A,#N/A,Running,#N/A,#N/A,#N/A
6/28/2023,2.37,6/26/2023 16:19:09,6/26/2023,Jun,2023,#N/A,#N/A,Running,#N/A,#N/A,#N/A
6/29/2023,2.04,6/26/2023 6:37:23,6/26/2023,Jun,2023,#N/A,#N/A,Running,#N/A,#N/A,#N/A
7/1/2023,2.78,6/26/2023 16:53:05,6/26/2023,Jul,2023,#N/A,#N/A,Running,#N/A,#N/A,#N/A
7/8/2023,2.92,7/3/2023 5:13:48,7/3/2023,Jul,2023,#N/A,#N/A,Running,#N/A,#N/A,#N/A
7/10/2023,2.06,7/10/2023 13:37:26,7/10/2023,Jul,2023,#N/A,#N/A,Running,#N/A,#N/A,#N/A
7/18/2023,2.15,7/17/2023 5:19:06,7/17/2023,Jul,2023,#N/A,#N/A,Running,#N/A,#N/A,#N/A
7/20/2023,1.90,7/17/2023 12:02:31,7/17/2023,Jul,2023,#N/A,#N/A,Running,#N/A,#N/A,#N/A
7/21/2023,1.98,7/17/2023 12:44:24,7/17/2023,Jul,2023,#N/A,#N/A,Running,#N/A,#N/A,#N/A
7/22/2023,2.65,7/17/2023 14:47:15,7/17/2023,Jul,2023,#N/A,#N/A,Running,#N/A,#N/A,#N/A
7/25/2023,0.80,7/24/2023 12:15:14,7/24/2023,Jul,2023,#N/A,#N/A,Running,#N/A,#N/A,#N/A
7/27/2023,1.98,7/24/2023 8:19:25,7/24/2023,Jul,2023,#N/A,#N/A,Running,#N/A,#N/A,#N/A
7/28/2023,2.01,7/24/2023 5:18:02,7/24/2023,Jul,2023,#N/A,#N/A,Running,#N/A,#N/A,#N/A
7/29/2023,1.92,7/24/2023 6:55:54,7/24/2023,Jul,2023,#N/A,#N/A,Running,#N/A,#N/A,#N/A
7/31/2023,1.89,7/31/2023 4:00:56,7/31/2023,Jul,2023,#N/A,#N/A,Running,#N/A,#N/A,#N/A
8/1/2023,2.56,7/31/2023 15:23:38,7/31/2023,Aug,2023,#N/A,#N/A,Running,#N/A,#N/A,#N/A
8/3/2023,1.82,7/31/2023 4:09:42,7/31/2023,Aug,2023,#N/A,#N/A,Running,#N/A,#N/A,#N/A
8/5/2023,2.70,7/31/2023 5:24:51,7/31/2023,Aug,2023,#N/A,#N/A,Running,#N/A,#N/A,#N/A
8/6/2023,2.58,7/31/2023 5:25:28,7/31/2023,Aug,2023,#N/A,#N/A,Running,#N/A,#N/A,#N/A
8/8/2023,1.82,8/7/2023 12:42:09,8/7/2023,Aug,2023,#N/A,#N/A,Running,#N/A,#N/A,#N/A
8/10/2023,1.92,8/7/2023 5:24:11,8/7/2023,Aug,2023,#N/A,#N/A,Running,#N/A,#N/A,#N/A
8/17/2023,2.11,8/14/2023 5:30:32,8/14/2023,Aug,2023,#N/A,#N/A,Running,#N/A,#N/A,#N/A
8/19/2023,2.56,8/14/2023 6:24:34,8/14/2023,Aug,2023,#N/A,#N/A,Running,#N/A,#N/A,#N/A
8/20/2023,2.60,8/14/2023 6:17:17,8/14/2023,Aug,2023,#N/A,#N/A,Running,#N/A,#N/A,#N/A
8/24/2023,2.90,8/21/2023 5:53:03,8/21/2023,Aug,2023,#N/A,#N/A,Running,#N/A,#N/A,#N/A
9/9/2023,2.75,9/4/2023 6:05:53,9/4/2023,Sep,2023,#N/A,#N/A,Running,#N/A,#N/A,#N/A
9/10/2023,2.67,9/4/2023 15:43:04,9/4/2023,Sep,2023,#N/A,#N/A,Running,#N/A,#N/A,#N/A
9/17/2023,2.96,9/11/2023 5:14:11,9/11/2023,Sep,2023,#N/A,#N/A,Running,#N/A,#N/A,#N/A
9/19/2023,2.62,9/18/2023 6:52:25,9/18/2023,Sep,2023,#N/A,#N/A,Running,#N/A,#N/A,#N/A
9/20/2023,2.62,9/18/2023 13:51:40,9/18/2023,Sep,2023,#N/A,#N/A,Running,#N/A,#N/A,#N/A
9/21/2023,2.79,9/18/2023 6:51:24,9/18/2023,Sep,2023,#N/A,#N/A,Running,#N/A,#N/A,#N/A
9/22/2023,2.81,9/18/2023 5:51:33,9/18/2023,Sep,2023,#N/A,#N/A,Running,#N/A,#N/A,#N/A
10/3/2023,2.75,10/2/2023 13:15:03,10/2/2023,Oct,2023,#N/A,#N/A,Running,#N/A,#N/A,#N/A
10/4/2023,2.81,10/2/2023 4:44:29,10/2/2023,Oct,2023,#N/A,#N/A,Running,#N/A,#N/A,#N/A
10/5/2023,3.35,10/2/2023 14:01:03,10/2/2023,Oct,2023,#N/A,#N/A,Running,#N/A,#N/A,#N/A
10/6/2023,2.87,10/2/2023 5:08:10,10/2/2023,Oct,2023,#N/A,#N/A,Running,#N/A,#N/A,#N/A
10/8/2023,2.61,10/2/2023 5:27:46,10/2/2023,Oct,2023,#N/A,#N/A,Running,#N/A,#N/A,#N/A
10/9/2023,2.83,10/9/2023 4:18:42,10/9/2023,Oct,2023,#N/A,#N/A,Running,#N/A,#N/A,#N/A
10/10/2023,2.90,10/9/2023 13:55:02,10/9/2023,Oct,2023,#N/A,#N/A,Running,#N/A,#N/A,#N/A
10/11/2023,3.03,10/9/2023 7:22:19,10/9/2023,Oct,2023,#N/A,#N/A,Running,#N/A,#N/A,#N/A
10/12/2023,2.93,10/9/2023 5:04:55,10/9/2023,Oct,2023,#N/A,#N/A,Running,#N/A,#N/A,#N/A
10/13/2023,2.65,10/9/2023 14:09:06,10/9/2023,Oct,2023,#N/A,#N/A,Running,#N/A,#N/A,#N/A
10/15/2023,2.69,10/9/2023 14:05:21,10/9/2023,Oct,2023,#N/A,#N/A,Running,#N/A,#N/A,#N/A
10/16/2023,4.99,10/16/2023 4:45:19,10/16/2023,Oct,2023,#N/A,#N/A,Running,#N/A,#N/A,#N/A
10/18/2023,4.77,10/16/2023 14:10:57,10/16/2023,Oct,2023,#N/A,#N/A,Running,#N/A,#N/A,#N/A
10/22/2023,2.58,10/16/2023 4:15:03,10/16/2023,Oct,2023,#N/A,#N/A,Running,#N/A,#N/A,#N/A
10/23/2023,4.85,10/23/2023 14:02:15,10/23/2023,Oct,2023,#N/A,#N/A,Running,#N/A,#N/A,#N/A
10/25/2023,2.65,10/23/2023 5:14:47,10/23/2023,Oct,2023,#N/A,#N/A,Running,#N/A,#N/A,#N/A
10/27/2023,4.51,10/23/2023 5:09:15,10/23/2023,Oct,2023,#N/A,#N/A,Running,#N/A,#N/A,#N/A
11/3/2023,5.27,10/30/2023 4:27:41,10/30/2023,Nov,2023,#N/A,#N/A,Running,#N/A,#N/A,#N/A
11/4/2023,2.63,10/30/2023 4:50:48,10/30/2023,Nov,2023,#N/A,#N/A,Running,#N/A,#N/A,#N/A
11/5/2023,2.55,10/30/2023 7:21:27,10/30/2023,Nov,2023,#N/A,#N/A,Running,#N/A,#N/A,#N/A
11/6/2023,4.40,11/6/2023 12:01:42,11/6/2023,Nov,2023,0:45:25,10:19,Running,#N/A,#N/A,#N/A
11/8/2023,3.13,11/6/2023 12:24:43,11/6/2023,Nov,2023,0:27:05,8:39,Running,#N/A,#N/A,#N/A
11/10/2023,4.43,11/6/2023 11:57:58,11/6/2023,Nov,2023,0:52:39,11:53,Running,#N/A,#N/A,#N/A
11/17/2023,4.40,11/13/2023 12:04:04,11/13/2023,Nov,2023,0:43:51,9:57,Running,#N/A,#N/A,#N/A
11/18/2023,3.08,11/13/2023 11:13:40,11/13/2023,Nov,2023,0:25:33,8:18,Running,#N/A,#N/A,#N/A
11/19/2023,6.32,11/13/2023 12:04:56,11/13/2023,Nov,2023,1:09:17,10:57,Running,#N/A,#N/A,#N/A
11/22/2023,4.40,11/20/2023 12:02:56,11/20/2023,Nov,2023,0:42:30,9:39,Running,#N/A,#N/A,#N/A
11/25/2023,3.22,11/20/2023 9:30:08,11/20/2023,Nov,2023,0:28:26,8:50,Running,#N/A,#N/A,#N/A
11/30/2023,6.28,11/27/2023 14:03:27,11/27/2023,Nov,2023,1:07:38,10:46,Running,#N/A,#N/A,#N/A
12/4/2023,4.22,12/4/2023 13:22:00,12/4/2023,Dec,2023,0:38:31,9:07,Running,#N/A,#N/A,#N/A
12/6/2023,3.12,12/4/2023 11:38:40,12/4/2023,Dec,2023,0:25:37,8:11,Running,#N/A,#N/A,#N/A
12/8/2023,4.45,12/4/2023 12:02:58,12/4/2023,Dec,2023,0:54:24,12:13,Running,#N/A,#N/A,#N/A
12/10/2023,3.21,12/4/2023 9:02:25,12/4/2023,Dec,2023,0:26:22,8:12,Running,#N/A,#N/A,#N/A
12/13/2023,4.37,12/11/2023 12:46:50,12/11/2023,Dec,2023,0:47:29,10:52,Running,#N/A,#N/A,#N/A
12/14/2023,4.37,12/11/2023 12:19:46,12/11/2023,Dec,2023,0:40:11,9:11,Running,#N/A,#N/A,#N/A
12/15/2023,4.39,12/11/2023 12:02:25,12/11/2023,Dec,2023,0:42:56,9:46,Running,#N/A,#N/A,#N/A
12/19/2023,3.98,12/18/2023 12:34:02,12/18/2023,Dec,2023,0:46:16,11:36,Running,#N/A,#N/A,#N/A
12/20/2023,4.10,12/18/2023 12:10:14,12/18/2023,Dec,2023,0:36:19,8:51,Running,#N/A,#N/A,#N/A
12/21/2023,4.43,12/18/2023 12:29:11,12/18/2023,Dec,2023,0:49:31,11:11,Running,#N/A,#N/A,#N/A
12/22/2023,6.43,12/18/2023 12:23:23,12/18/2023,Dec,2023,1:06:48,10:23,Running,#N/A,#N/A,#N/A
12/28/2023,6.27,12/25/2023 10:43:43,12/25/2023,Dec,2023,0:57:12,9:07,Running,#N/A,#N/A,#N/A
1/8/2024,3.24,1/8/2024 11:50:34,1/8/2024,Jan,2024,0:33:30,10:20,Running,#N/A,#N/A,#N/A
1/11/2024,4.12,1/8/2024 12:19:13,1/8/2024,Jan,2024,0:38:41,9:22,Running,#N/A,#N/A,#N/A
1/12/2024,4.16,1/8/2024 12:13:43,1/8/2024,Jan,2024,0:39:54,9:36,Running,#N/A,#N/A,#N/A
1/13/2024,7.01,1/8/2024 11:55:19,1/8/2024,Jan,2024,1:03:29,9:03,Running,#N/A,#N/A,#N/A
1/18/2024,2.54,1/15/2024 10:31:22,1/15/2024,Jan,2024,0:28:13,11:06,Running,#N/A,#N/A,#N/A
1/22/2024,4.40,1/22/2024 11:34:20,1/22/2024,Jan,2024,0:45:30,10:20,Running,#N/A,#N/A,#N/A
1/24/2024,3.15,1/22/2024 11:52:31,1/22/2024,Jan,2024,0:28:14,8:57,Running,#N/A,#N/A,#N/A
1/25/2024,3.20,1/22/2024 11:33:18,1/22/2024,Jan,2024,0:31:49,9:56,Running,#N/A,#N/A,#N/A
1/27/2024,8.13,1/22/2024 10:53:37,1/22/2024,Jan,2024,1:21:17,10:00,Running,#N/A,#N/A,#N/A
1/29/2024,4.50,1/29/2024 11:54:34,1/29/2024,Jan,2024,0:44:48,9:57,Running,#N/A,#N/A,#N/A
1/30/2024,4.14,1/29/2024 11:57:59,1/29/2024,Jan,2024,0:37:52,9:08,Running,#N/A,#N/A,#N/A
2/1/2024,9.07,1/29/2024 10:26:24,1/29/2024,Feb,2024,1:36:36,10:38,Running,#N/A,#N/A,#N/A
2/8/2024,5.97,2/5/2024 12:16:08,2/5/2024,Feb,2024,1:00:25,10:06,Running,#N/A,#N/A,#N/A
2/9/2024,3.93,2/5/2024 10:29:18,2/5/2024,Feb,2024,0:35:15,8:58,Running,#N/A,#N/A,#N/A
2/14/2024,6.01,2/12/2024 12:07:43,2/12/2024,Feb,2024,0:58:02,9:39,Running,#N/A,#N/A,#N/A
2/16/2024,3.95,2/12/2024 12:10:04,2/12/2024,Feb,2024,0:35:19,8:56,Running,#N/A,#N/A,#N/A
2/18/2024,10.03,2/12/2024 10:39:16,2/12/2024,Feb,2024,2:43:18,16:16,Running,#N/A,#N/A,#N/A
2/19/2024,3.16,2/19/2024 11:40:13,2/19/2024,Feb,2024,0:31:49,10:04,Running,#N/A,#N/A,#N/A
2/20/2024,3.15,2/19/2024 12:03:56,2/19/2024,Feb,2024,0:34:49,11:04,Running,#N/A,#N/A,#N/A
2/22/2024,3.20,2/19/2024 11:57:00,2/19/2024,Feb,2024,0:35:18,11:01,Running,#N/A,#N/A,#N/A
2/29/2024,4.07,2/26/2024 11:55:44,2/26/2024,Feb,2024,0:38:38,9:29,Running,#N/A,#N/A,#N/A
3/1/2024,6.03,2/26/2024 12:11:44,2/26/2024,Mar,2024,0:58:34,9:42,Running,#N/A,#N/A,#N/A
3/4/2024,6.82,3/4/2024 10:32:00,3/4/2024,Mar,2024,1:07:50,9:56,Running,#N/A,#N/A,#N/A
3/7/2024,6.01,3/4/2024 12:06:25,3/4/2024,Mar,2024,0:52:55,8:48,Running,#N/A,#N/A,#N/A
3/8/2024,3.18,3/4/2024 11:57:53,3/4/2024,Mar,2024,0:33:04,10:23,Running,#N/A,#N/A,#N/A
3/11/2024,6.02,3/11/2024 10:40:59,3/11/2024,Mar,2024,0:58:17,9:41,Running,#N/A,#N/A,#N/A
3/12/2024,4.12,3/11/2024 12:02:52,3/11/2024,Mar,2024,0:39:18,9:32,Running,#N/A,#N/A,#N/A
3/13/2024,3.21,3/11/2024 11:51:51,3/11/2024,Mar,2024,0:34:50,10:50,Running,#N/A,#N/A,#N/A
3/14/2024,4.07,3/11/2024 11:57:06,3/11/2024,Mar,2024,0:36:17,8:54,Running,#N/A,#N/A,#N/A
3/15/2024,2.55,3/11/2024 11:48:45,3/11/2024,Mar,2024,0:28:07,11:01,Running,#N/A,#N/A,#N/A
3/17/2024,3.17,3/11/2024 10:51:01,3/11/2024,Mar,2024,0:32:29,10:15,Running,#N/A,#N/A,#N/A
3/18/2024,6.04,3/18/2024 11:51:57,3/18/2024,Mar,2024,1:00:04,9:56,Running,#N/A,#N/A,#N/A
3/19/2024,3.30,3/18/2024 11:54:43,3/18/2024,Mar,2024,0:43:00,13:00,Running,#N/A,#N/A,#N/A
3/20/2024,6.04,3/18/2024 11:54:08,3/18/2024,Mar,2024,0:53:15,8:49,Running,#N/A,#N/A,#N/A
3/21/2024,3.21,3/18/2024 11:57:07,3/18/2024,Mar,2024,0:37:14,11:35,Running,#N/A,#N/A,#N/A
3/22/2024,3.13,3/18/2024 10:34:54,3/18/2024,Mar,2024,0:24:55,7:57,Running,#N/A,#N/A,#N/A
3/25/2024,4.08,3/25/2024 11:58:33,3/25/2024,Mar,2024,0:44:05,10:47,Running,#N/A,#N/A,#N/A
3/26/2024,5.92,3/25/2024 11:59:45,3/25/2024,Mar,2024,0:53:19,9:00,Running,#N/A,#N/A,#N/A
3/27/2024,4.14,3/25/2024 11:52:18,3/25/2024,Mar,2024,0:49:00,11:50,Running,#N/A,#N/A,#N/A
3/31/2024,3.22,3/25/2024 9:02:13,3/25/2024,Mar,2024,0:24:34,7:37,Running,#N/A,#N/A,#N/A
4/4/2024,3.58,4/1/2024 11:57:13,4/1/2024,Apr,2024,0:44:34,12:26,Running,#N/A,#N/A,#N/A
4/5/2024,6.04,4/1/2024 10:53:28,4/1/2024,Apr,2024,1:04:39,10:42,Running,#N/A,#N/A,#N/A
4/8/2024,3.19,4/8/2024 11:46:33,4/8/2024,Apr,2024,0:33:52,10:36,Running,#N/A,#N/A,#N/A
4/9/2024,6.01,4/8/2024 11:58:24,4/8/2024,Apr,2024,0:58:18,9:42,Running,#N/A,#N/A,#N/A
4/10/2024,6.04,4/8/2024 12:07:21,4/8/2024,Apr,2024,1:01:33,10:11,Running,#N/A,#N/A,#N/A
4/11/2024,3.16,4/8/2024 12:26:00,4/8/2024,Apr,2024,0:34:43,10:59,Running,#N/A,#N/A,#N/A
4/18/2024,4.15,4/15/2024 12:15:55,4/15/2024,Apr,2024,0:43:42,10:31,Running,#N/A,#N/A,#N/A
4/19/2024,5.97,4/15/2024 12:17:03,4/15/2024,Apr,2024,0:55:56,9:22,Running,#N/A,#N/A,#N/A
4/20/2024,2.41,4/15/2024 12:17:51,4/15/2024,Apr,2024,0:51:37,21:26,Running,#N/A,#N/A,#N/A
4/21/2024,8.07,4/15/2024 12:06:58,4/15/2024,Apr,2024,1:15:11,9:19,Running,#N/A,#N/A,#N/A
4/22/2024,3.16,4/22/2024 12:16:40,4/22/2024,Apr,2024,0:32:22,10:15,Running,#N/A,#N/A,#N/A
4/23/2024,6.01,4/22/2024 12:15:29,4/22/2024,Apr,2024,0:58:44,9:46,Running,#N/A,#N/A,#N/A
4/25/2024,3.13,4/22/2024 12:14:50,4/22/2024,Apr,2024,0:26:41,8:31,Running,#N/A,#N/A,#N/A
5/1/2024,4.09,4/29/2024 12:27:13,4/29/2024,May,2024,0:39:40,9:42,Running,#N/A,#N/A,#N/A
5/2/2024,6.02,4/29/2024 12:13:49,4/29/2024,May,2024,1:01:02,10:08,Running,#N/A,#N/A,#N/A
5/3/2024,4.73,4/29/2024 12:31:33,4/29/2024,May,2024,0:43:37,9:12,Running,#N/A,#N/A,#N/A
5/7/2024,4.16,5/6/2024 12:32:57,5/6/2024,May,2024,0:40:15,9:40,Running,#N/A,#N/A,#N/A
5/8/2024,4.16,5/6/2024 12:29:46,5/6/2024,May,2024,0:39:53,9:35,Running,#N/A,#N/A,#N/A
5/9/2024,6.01,5/6/2024 12:32:28,5/6/2024,May,2024,1:03:29,10:33,Running,#N/A,#N/A,#N/A
5/20/2024,4.13,5/20/2024 12:09:25,5/20/2024,May,2024,0:40:43,9:50,Running,#N/A,#N/A,#N/A
5/21/2024,4.02,5/20/2024 12:25:01,5/20/2024,May,2024,0:35:22,8:47,Running,#N/A,#N/A,#N/A
5/22/2024,4.17,5/20/2024 12:09:09,5/20/2024,May,2024,0:41:39,9:59,Running,#N/A,#N/A,#N/A
5/23/2024,4.19,5/20/2024 12:09:30,5/20/2024,May,2024,0:44:38,10:39,Running,#N/A,#N/A,#N/A
5/24/2024,4.13,5/20/2024 12:22:53,5/20/2024,May,2024,0:38:10,9:14,Running,#N/A,#N/A,#N/A
5/30/2024,4.17,5/27/2024 12:23:21,5/27/2024,May,2024,0:40:15,9:39,Running,#N/A,#N/A,#N/A
5/31/2024,4.06,5/27/2024 12:20:00,5/27/2024,May,2024,0:34:38,8:32,Running,#N/A,#N/A,#N/A
6/2/2024,6.01,5/27/2024 12:14:01,5/27/2024,Jun,2024,1:00:33,10:04,Running,#N/A,#N/A,#N/A
6/3/2024,4.09,6/3/2024 12:12:59,6/3/2024,Jun,2024,0:42:52,10:28,Running,#N/A,#N/A,#N/A
6/12/2024,4.15,6/10/2024 12:13:54,6/10/2024,Jun,2024,0:41:10,9:54,Running,#N/A,#N/A,#N/A
6/14/2024,4.08,6/10/2024 12:18:22,6/10/2024,Jun,2024,0:39:39,9:43,Running,#N/A,#N/A,#N/A
6/16/2024,3.10,6/10/2024 10:58:04,6/10/2024,Jun,2024,0:24:32,7:55,Running,#N/A,#N/A,#N/A
6/17/2024,4.11,6/17/2024 12:12:47,6/17/2024,Jun,2024,0:44:17,10:46,Running,#N/A,#N/A,#N/A
6/18/2024,3.16,6/17/2024 12:26:14,6/17/2024,Jun,2024,0:32:47,10:22,Running,#N/A,#N/A,#N/A
6/19/2024,3.20,6/17/2024 12:20:44,6/17/2024,Jun,2024,0:34:45,10:52,Running,#N/A,#N/A,#N/A
6/20/2024,3.13,6/17/2024 8:07:37,6/17/2024,Jun,2024,0:35:53,11:26,Running,#N/A,#N/A,#N/A
7/1/2024,3.19,7/1/2024 12:25:49,7/1/2024,Jul,2024,0:36:05,11:17,Running,#N/A,#N/A,#N/A
7/2/2024,3.14,7/1/2024 12:36:25,7/1/2024,Jul,2024,0:28:44,9:08,Running,#N/A,#N/A,#N/A
7/3/2024,4.13,7/1/2024 12:29:00,7/1/2024,Jul,2024,0:41:34,10:03,Running,#N/A,#N/A,#N/A
7/15/2024,3.19,7/15/2024 12:16:37,7/15/2024,Jul,2024,0:32:10,10:04,Running,#N/A,#N/A,#N/A
7/16/2024,3.18,7/15/2024 12:26:05,7/15/2024,Jul,2024,0:33:32,10:33,Running,#N/A,#N/A,#N/A
7/17/2024,3.19,7/15/2024 12:34:18,7/15/2024,Jul,2024,0:34:07,10:41,Running,#N/A,#N/A,#N/A
7/19/2024,4.09,7/15/2024 13:02:32,7/15/2024,Jul,2024,0:42:17,10:19,Running,#N/A,#N/A,#N/A
7/24/2024,3.17,7/22/2024 12:13:18,7/22/2024,Jul,2024,0:31:09,9:48,Running,#N/A,#N/A,#N/A
7/25/2024,4.09,7/22/2024 12:25:55,7/22/2024,Jul,2024,0:44:44,10:56,Running,#N/A,#N/A,#N/A
7/26/2024,4.09,7/22/2024 12:33:50,7/22/2024,Jul,2024,0:41:59,10:15,Running,#N/A,#N/A,#N/A
8/1/2024,3.16,7/29/2024 12:21:51,7/29/2024,Aug,2024,0:28:28,9:00,Running,#N/A,#N/A,#N/A
8/5/2024,4.11,8/5/2024 12:37:05,8/5/2024,Aug,2024,0:43:09,10:30,Running,#N/A,#N/A,#N/A
8/6/2024,4.10,8/5/2024 12:49:50,8/5/2024,Aug,2024,0:41:57,10:13,Running,#N/A,#N/A,#N/A
8/12/2024,4.07,8/12/2024 12:31:37,8/12/2024,Aug,2024,0:38:48,9:32,Running,#N/A,#N/A,#N/A
8/13/2024,4.13,8/12/2024 12:46:55,8/12/2024,Aug,2024,0:40:06,9:41,Running,#N/A,#N/A,#N/A
8/14/2024,4.08,8/12/2024 12:47:16,8/12/2024,Aug,2024,0:38:48,9:30,Running,#N/A,#N/A,#N/A
8/15/2024,4.20,8/12/2024 12:54:58,8/12/2024,Aug,2024,0:47:50,11:23,Running,#N/A,#N/A,#N/A
8/16/2024,2.02,8/12/2024 12:45:56,8/12/2024,Aug,2024,0:38:04,18:52,Running,#N/A,#N/A,#N/A
8/19/2024,2.08,8/19/2024 12:46:18,8/19/2024,Aug,2024,0:27:09,13:03,Running,#N/A,#N/A,#N/A
8/20/2024,2.08,8/19/2024 12:44:17,8/19/2024,Aug,2024,0:22:12,10:39,Running,#N/A,#N/A,#N/A
8/21/2024,2.06,8/19/2024 12:31:38,8/19/2024,Aug,2024,0:19:53,9:38,Running,#N/A,#N/A,#N/A
8/22/2024,2.08,8/19/2024 12:45:34,8/19/2024,Aug,2024,0:24:18,11:39,Running,#N/A,#N/A,#N/A
8/23/2024,2.21,8/19/2024 12:43:16,8/19/2024,Aug,2024,0:22:57,10:23,Running,#N/A,#N/A,#N/A
8/26/2024,3.18,8/26/2024 12:45:51,8/26/2024,Aug,2024,0:33:08,10:25,Running,#N/A,#N/A,#N/A
8/27/2024,3.15,8/26/2024 12:54:06,8/26/2024,Aug,2024,0:31:56,10:07,Running,#N/A,#N/A,#N/A
8/28/2024,3.17,8/26/2024 13:01:17,8/26/2024,Aug,2024,0:31:18,9:51,Running,#N/A,#N/A,#N/A
8/29/2024,3.19,8/26/2024 12:51:13,8/26/2024,Aug,2024,0:30:33,9:34,Running,#N/A,#N/A,#N/A
9/3/2024,4.22,9/2/2024 10:56:01,9/2/2024,Sep,2024,0:40:56,9:42,Running,#N/A,#N/A,#N/A
9/4/2024,4.17,9/2/2024 14:22:08,9/2/2024,Sep,2024,0:41:37,9:58,Running,#N/A,#N/A,#N/A
9/5/2024,4.13,9/2/2024 13:36:29,9/2/2024,Sep,2024,0:41:33,10:03,Running,#N/A,#N/A,#N/A
9/6/2024,4.08,9/2/2024 13:38:26,9/2/2024,Sep,2024,0:39:55,9:46,Running,#N/A,#N/A,#N/A
9/8/2024,8.02,9/2/2024 11:54:21,9/2/2024,Sep,2024,1:23:55,10:27,Running,156,188,0.82
9/9/2024,3.06,9/9/2024 13:44:36,9/9/2024,Sep,2024,0:35:09,11:26,Running,143,180,0.78
9/10/2024,3.06,9/9/2024 14:42:34,9/9/2024,Sep,2024,0:37:36,12:17,Running,139,179,0.73
9/11/2024,2.00,9/9/2024 12:58:04,9/9/2024,Sep,2024,0:20:34,10:14,Running,154,172,0.91
9/12/2024,3.05,9/9/2024 14:12:19,9/9/2024,Sep,2024,0:37:26,12:08,Running,142,177,0.74
9/18/2024,3.01,9/16/2024 10:01:20,9/16/2024,Sep,2024,0:57:07,18:31,Running,104,118,0.73
9/19/2024,3.06,9/16/2024 9:48:41,9/16/2024,Sep,2024,0:58:59,19:06,Running,110,115,0.74
9/20/2024,3.05,9/16/2024 10:01:32,9/16/2024,Sep,2024,0:56:56,18:37,Running,114,117,0.73
9/23/2024,3.06,9/23/2024 10:00:11,9/23/2024,Sep,2024,0:31:07,10:08,Running,159,175,0.9
9/24/2024,3.92,9/23/2024 10:07:52,9/23/2024,Sep,2024,0:42:40,10:49,Running,155,176,0.84
10/2/2024,4.00,9/30/2024 13:07:51,9/30/2024,Oct,2024,0:43:12,10:42,Running,156,173,0.87
10/3/2024,4.00,9/30/2024 13:51:34,9/30/2024,Oct,2024,0:44:26,11:04,Running,147,175,0.83
10/4/2024,3.91,9/30/2024 14:50:33,9/30/2024,Oct,2024,0:36:54,9:25,Running,158,181,0.93
10/9/2024,4.01,10/7/2024 14:21:41,10/7/2024,Oct,2024,0:45:42,11:23,Running,149,177,0.8
10/10/2024,4.00,10/7/2024 14:03:27,10/7/2024,Oct,2024,0:45:41,11:23,Running,139,178,0.79
10/18/2024,4.00,10/14/2024 14:13:30,10/14/2024,Oct,2024,0:47:17,11:47,Running,153,176,0.77
10/20/2024,5.24,10/14/2024 11:52:35,10/14/2024,Oct,2024,0:52:40,10:02,Running,166,180,0.89
10/21/2024,3.90,10/21/2024 14:16:31,10/21/2024,Oct,2024,0:46:28,11:45,Running,146,179,0.76
10/22/2024,3.06,10/21/2024 14:45:57,10/21/2024,Oct,2024,0:34:31,11:15,Running,144,180,0.79
10/23/2024,3.06,10/21/2024 14:14:05,10/21/2024,Oct,2024,0:33:23,10:46,Running,148,177,0.84
10/25/2024,3.06,10/21/2024 14:48:25,10/21/2024,Oct,2024,0:30:57,9:57,Running,148,182,0.88
10/28/2024,5.33,10/28/2024 14:35:50,10/28/2024,Oct,2024,0:50:13,9:26,Running,165,182,0.93
10/29/2024,2.17,10/28/2024 14:36:11,10/28/2024,Oct,2024,0:26:04,12:01,Running,132,180,0.74
10/30/2024,2.84,10/28/2024 14:42:44,10/28/2024,Oct,2024,0:30:07,10:35,Running,146,184,0.82
11/10/2024,2.25,11/4/2024 10:04:17,11/4/2024,Nov,2024,0:23:52,10:37,Indoor Running,180,171,0.89
11/10/2024,1.13,11/4/2024 11:19:06,11/4/2024,Nov,2024,0:25:49,22:50,Indoor Running,128,111,0.64
11/10/2024,0.37,11/4/2024 13:29:37,11/4/2024,Nov,2024,0:08:21,22:45,Indoor Running,132,110,0.64
11/10/2024,0.73,11/4/2024 16:00:47,11/4/2024,Nov,2024,0:17:00,23:11,Indoor Running,120,111,0.69
11/11/2024,4.66,11/11/2024 5:57:57,11/11/2024,Nov,2024,0:54:22,11:40,Indoor Running,160,168,0.84
11/12/2024,7.44,11/11/2024 6:20:53,11/11/2024,Nov,2024,1:29:53,12:05,Indoor Running,151,158,0.86
11/13/2024,8.25,11/11/2024 5:15:57,11/11/2024,Nov,2024,1:43:31,11:57,Indoor Running,152,158,0.88
11/14/2024,4.38,11/11/2024 5:30:21,11/11/2024,Nov,2024,1:28:45,20:16,Indoor Running,101,112,0.72
11/14/2024,3.49,11/11/2024 10:04:39,11/11/2024,Nov,2024,0:32:16,9:15,Indoor Running,168,183,0.95
11/24/2024,6.11,11/18/2024 11:15:06,11/18/2024,Nov,2024,1:14:10,12:08,Running,157,182,0.72
11/25/2024,3.23,11/25/2024 9:52:14,11/25/2024,Nov,2024,0:37:09,11:30,Running,152,184,0.76
11/26/2024,1.90,11/25/2024 11:08:35,11/25/2024,Nov,2024,0:26:03,13:44,Running,134,155,0.74
12/4/2024,3.06,12/2/2024 14:23:14,12/2/2024,Dec,2024,0:32:23,10:32,Running,160,176,0.86
12/5/2024,3.06,12/2/2024 14:12:44,12/2/2024,Dec,2024,0:32:41,10:39,Running,146,179,0.84
12/6/2024,3.00,12/2/2024 14:30:57,12/2/2024,Dec,2024,0:40:25,13:26,Running,134,144,0.83
12/8/2024,3.00,12/2/2024 12:10:09,12/2/2024,Dec,2024,0:38:24,12:45,Running,147,151,0.82
12/10/2024,2.01,12/9/2024 14:43:19,12/9/2024,Dec,2024,0:19:31,9:42,Running,154,179,0.92
12/12/2024,3.01,12/9/2024 14:27:45,12/9/2024,Dec,2024,0:32:33,10:47,Running,147,182,0.82
12/13/2024,3.01,12/9/2024 14:43:49,12/9/2024,Dec,2024,0:31:15,10:20,Running,151,184,0.84
12/17/2024,3.00,12/16/2024 13:28:34,12/16/2024,Dec,2024,0:31:09,10:22,Running,159,182,0.85
12/18/2024,2.01,12/16/2024 9:38:40,12/16/2024,Dec,2024,0:34:19,10:57,Running,153,180,0.82
12/19/2024,3.01,12/16/2024 14:33:08,12/16/2024,Dec,2024,0:33:22,11:06,Running,145,182,0.79
12/20/2024,2.01,12/16/2024 10:44:00,12/16/2024,Dec,2024,0:22:19,11:02,Running,152,185,0.79
12/21/2024,3.01,12/16/2024 14:01:17,12/16/2024,Dec,2024,0:36:55,12:13,Running,145,184,0.72
12/23/2024,3.01,12/23/2024 14:33:14,12/23/2024,Dec,2024,0:36:56,11:49,Running,145,181,0.75
12/24/2024,3.00,12/23/2024 9:50:10,12/23/2024,Dec,2024,0:36:41,11:28,Treadmill Running,142,174,0.97
12/26/2024,3.01,12/23/2024 7:55:19,12/23/2024,Dec,2024,0:38:04,12:35,Running,149,181,0.7
12/27/2024,2.93,12/23/2024 7:22:03,12/23/2024,Dec,2024,0:37:13,12:38,Running,149,179,0.71
12/29/2024,3.01,12/23/2024 10:10:33,12/23/2024,Dec,2024,0:37:58,12:38,Running,157,173,0.73
12/30/2024,3.02,12/30/2024 12:55:45,12/30/2024,Dec,2024,0:31:40,10:28,Running,153,177,0.87
1/1/2025,4.01,12/30/2024 8:02:14,12/30/2024,Jan,2025,0:49:33,12:19,Running,146,180,0.72
1/2/2025,4.01,12/30/2024 10:09:57,12/30/2024,Jan,2025,0:41:51,10:27,Running,154,183,0.84
1/3/2025,3.01,12/30/2024 10:59:00,12/30/2024,Jan,2025,0:37:04,12:16,Running,136,182,0.72
1/6/2025,3.00,1/6/2025 10:31:43,1/6/2025,Jan,2025,0:33:12,11:03,Running,144,180,0.8
1/7/2025,5.00,1/6/2025 14:28:48,1/6/2025,Jan,2025,0:57:04,11:23,Running,153,176,0.81
1/8/2025,3.01,1/6/2025 14:38:03,1/6/2025,Jan,2025,0:33:18,11:03,Running,144,181,0.8
1/9/2025,4.00,1/6/2025 10:32:03,1/6/2025,Jan,2025,0:49:19,11:44,Treadmill Running,143,171,0.81
1/10/2025,4.00,1/6/2025 14:23:25,1/6/2025,Jan,2025,0:42:51,10:40,Running,150,183,0.82
1/13/2025,2.01,1/13/2025 14:05:17,1/13/2025,Jan,2025,0:22:41,11:18,Running,140,184,0.77
1/14/2025,3.01,1/13/2025 10:15:47,1/13/2025,Jan,2025,0:33:49,11:15,Treadmill Running,142,177,0.8
1/16/2025,3.00,1/13/2025 10:33:18,1/13/2025,Jan,2025,0:33:30,11:09,Treadmill Running,139,179,0.81
1/17/2025,2.01,1/13/2025 10:05:05,1/13/2025,Jan,2025,0:22:09,11:01,Treadmill Running,146,182,0.81
1/20/2025,3.01,1/20/2025 11:48:47,1/20/2025,Jan,2025,0:33:26,11:06,Treadmill Running,138,180,0.8
1/21/2025,6.00,1/20/2025 14:20:22,1/20/2025,Jan,2025,1:06:55,11:09,Treadmill Running,150,179,0.8
1/23/2025,4.01,1/20/2025 10:21:33,1/20/2025,Jan,2025,0:45:32,11:22,Treadmill Running,145,176,0.81
1/24/2025,3.01,1/20/2025 14:03:29,1/20/2025,Jan,2025,0:33:11,11:01,Running,150,180,0.81
1/25/2025,5.01,1/20/2025 11:36:39,1/20/2025,Jan,2025,0:55:30,11:03,Running,157,183,0.79
1/27/2025,4.01,1/27/2025 14:25:57,1/27/2025,Jan,2025,0:41:38,10:21,Running,152,182,0.85
1/28/2025,7.01,1/27/2025 9:58:12,1/27/2025,Jan,2025,1:13:25,10:28,Running,154,183,0.83
1/30/2025,3.01,1/27/2025 10:28:23,1/27/2025,Jan,2025,0:32:46,10:53,Running,151,179,0.82
1/31/2025,4.01,1/27/2025 14:47:55,1/27/2025,Jan,2025,0:42:00,10:29,Running,151,185,0.82
2/1/2025,5.01,1/27/2025 11:48:43,1/27/2025,Feb,2025,0:51:51,10:21,Running,155,186,0.83
2/3/2025,4.01,2/3/2025 14:53:44,2/3/2025,Feb,2025,0:42:32,10:35,Running,151,185,0.82
2/4/2025,6.01,2/3/2025 9:59:57,2/3/2025,Feb,2025,1:04:23,10:38,Running,149,187,0.8
2/5/2025,3.01,2/3/2025 9:36:16,2/3/2025,Feb,2025,0:34:25,11:27,Running,137,188,0.74
2/6/2025,5.00,2/3/2025 10:46:24,2/3/2025,Feb,2025,0:54:49,10:57,Treadmill Running,139,182,0.81
2/7/2025,8.01,2/3/2025 9:56:04,2/3/2025,Feb,2025,1:25:40,10:41,Running,149,189,0.8
2/12/2025,6.01,2/10/2025 14:36:01,2/10/2025,Feb,2025,1:05:56,10:57,Running,150,185,0.79
2/13/2025,4.01,2/10/2025 10:08:11,2/10/2025,Feb,2025,0:43:24,10:49,Running,152,184,0.81
2/14/2025,6.01,2/10/2025 14:51:11,2/10/2025,Feb,2025,1:02:50,10:26,Running,147,186,0.83
2/19/2025,6.01,2/17/2025 11:45:08,2/17/2025,Feb,2025,1:07:16,11:08,Running,144,175,0.82
2/20/2025,4.01,2/17/2025 14:49:31,2/17/2025,Feb,2025,0:42:12,10:30,Running,148,185,0.82
2/21/2025,4.00,2/17/2025 11:12:10,2/17/2025,Feb,2025,0:45:18,11:19,Treadmill Running,135,176,0.81
2/22/2025,6.01,2/17/2025 11:45:10,2/17/2025,Feb,2025,1:01:54,10:18,Running,156,184,0.84
2/25/2025,4.01,2/24/2025 10:10:57,2/24/2025,Feb,2025,0:40:54,10:13,Running,151,184,0.85
3/4/2025,6.01,3/3/2025 10:50:14,3/3/2025,Mar,2025,1:03:49,10:37,Running,158,178,0.84
3/5/2025,4.01,3/3/2025 14:18:43,3/3/2025,Mar,2025,0:42:51,10:41,Running,155,180,0.83
3/6/2025,6.01,3/3/2025 11:43:19,3/3/2025,Mar,2025,1:02:49,10:27,Running,159,181,0.84
3/7/2025,4.01,3/3/2025 14:31:24,3/3/2025,Mar,2025,0:45:41,11:24,Running,143,181,0.78
3/8/2025,9.01,3/3/2025 12:12:19,3/3/2025,Mar,2025,1:34:53,10:32,Running,153,185,0.82
3/10/2025,6.01,3/10/2025 14:52:47,3/10/2025,Mar,2025,1:05:28,10:54,Running,148,183,0.8
3/11/2025,4.01,3/10/2025 11:29:15,3/10/2025,Mar,2025,0:43:55,10:57,Running,143,187,0.79
3/12/2025,7.00,3/10/2025 10:39:57,3/10/2025,Mar,2025,1:07:48,9:41,Running,156,190,0.86
3/13/2025,4.01,3/10/2025 14:49:56,3/10/2025,Mar,2025,0:46:02,11:28,Running,138,189,0.74
3/14/2025,10.01,3/10/2025 10:38:18,3/10/2025,Mar,2025,1:43:05,10:18,Running,151,188,0.83
3/17/2025,6.01,3/17/2025 11:46:55,3/17/2025,Mar,2025,1:04:15,10:41,Running,143,189,0.79
3/18/2025,5.01,3/17/2025 14:40:26,3/17/2025,Mar,2025,0:54:37,10:54,Running,144,187,0.79
3/19/2025,7.00,3/17/2025 13:30:18,3/17/2025,Mar,2025,1:09:41,9:57,Running,158,185,0.87
3/22/2025,6.01,3/17/2025 11:31:49,3/17/2025,Mar,2025,1:02:56,10:28,Running,154,190,0.81
3/23/2025,10.00,3/17/2025 11:52:14,3/17/2025,Mar,2025,1:41:04,10:06,Running,158,193,0.82
3/25/2025,3.01,3/24/2025 10:28:16,3/24/2025,Mar,2025,0:32:44,10:52,Running,145,193,0.77
3/26/2025,4.01,3/24/2025 14:22:38,3/24/2025,Mar,2025,0:43:29,10:51,Running,140,193,0.76
3/27/2025,5.01,3/24/2025 11:22:14,3/24/2025,Mar,2025,0:46:21,9:15,Running,159,194,0.89
3/28/2025,3.01,3/24/2025 14:29:49,3/24/2025,Mar,2025,0:32:50,10:56,Running,144,191,0.77
3/29/2025,6.00,3/24/2025 11:42:17,3/24/2025,Mar,2025,1:02:09,10:21,Running,163,185,0.83
3/31/2025,5.01,3/31/2025 14:13:30,3/31/2025,Mar,2025,0:56:05,11:12,Running,150,187,0.76
4/1/2025,6.01,3/31/2025 10:49:21,3/31/2025,Apr,2025,0:57:13,9:31,Running,161,191,0.88
4/3/2025,7.00,3/31/2025 10:23:12,3/31/2025,Apr,2025,1:14:06,10:35,Running,147,194,0.78
4/4/2025,6.01,3/31/2025 14:40:02,3/31/2025,Apr,2025,1:02:34,10:25,Running,150,193,0.8
4/5/2025,10.00,3/31/2025 12:21:35,3/31/2025,Apr,2025,1:37:38,9:46,Running,152,194,0.85
4/7/2025,5.04,4/7/2025 11:49:56,4/7/2025,Apr,2025,0:53:19,10:35,Running,146,194,0.78
4/8/2025,6.01,4/7/2025 14:34:59,4/7/2025,Apr,2025,0:58:19,9:42,Running,155,196,0.85
4/10/2025,6.01,4/7/2025 8:52:57,4/7/2025,Apr,2025,1:06:06,11:00,Running,147,193,0.75
4/11/2025,7.01,4/7/2025 9:04:55,4/7/2025,Apr,2025,1:14:51,10:41,Running,145,194,0.77
4/13/2025,10.00,4/7/2025 10:00:24,4/7/2025,Apr,2025,1:35:28,9:33,Running,159,195,0.86
4/15/2025,5.01,4/14/2025 8:23:07,4/14/2025,Apr,2025,0:51:36,10:18,Running,147,198,0.79
4/17/2025,5.00,4/14/2025 11:17:19,4/14/2025,Apr,2025,0:51:06,10:13,Running,149,199,0.79
4/18/2025,6.00,4/14/2025 10:46:00,4/14/2025,Apr,2025,1:01:51,10:18,Running,153,195,0.8
4/19/2025,4.01,4/14/2025 7:51:59,4/14/2025,Apr,2025,0:36:00,8:59,Running,163,197,0.91
4/22/2025,6.00,4/21/2025 13:38:37,4/21/2025,Apr,2025,1:04:31,10:45,Running,154,187,0.8
4/23/2025,6.00,4/21/2025 14:27:43,4/21/2025,Apr,2025,1:02:14,10:22,Running,154,190,0.81
4/24/2025,4.00,4/21/2025 9:49:50,4/21/2025,Apr,2025,0:34:40,8:39,Running,167,191,0.96
4/25/2025,3.01,4/21/2025 14:43:05,4/21/2025,Apr,2025,0:35:11,11:18,Running,141,193,0.74
4/27/2025,4.01,4/21/2025 11:55:02,4/21/2025,Apr,2025,0:43:27,10:51,Running,146,196,0.75
5/1/2025,2.01,4/28/2025 11:20:55,4/28/2025,May,2025,0:22:07,11:02,Running,145,191,0.76
5/3/2025,3.18,4/28/2025 8:04:41,4/28/2025,May,2025,0:22:03,6:56,Running,188,194,1.2
5/7/2025,4.01,5/5/2025 14:20:46,5/5/2025,May,2025,0:46:26,11:35,Running,144,189,0.73
5/8/2025,4.00,5/5/2025 10:01:59,5/5/2025,May,2025,0:45:48,11:04,Running,149,190,0.76
5/9/2025,5.01,5/5/2025 14:32:47,5/5/2025,May,2025,0:54:25,10:52,Running,147,192,0.77
5/10/2025,6.00,5/5/2025 11:43:55,5/5/2025,May,2025,1:00:56,10:09,Running,155,196,0.81
5/20/2025,3.01,5/19/2025 11:45:46,5/19/2025,May,2025,0:31:10,10:22,Running,150,187,0.83
5/30/2025,2.01,5/26/2025 11:11:31,5/26/2025,May,2025,0:21:12,10:34,Running,150,186,0.81
5/31/2025,4.00,5/26/2025 10:39:28,5/26/2025,May,2025,0:41:25,10:21,Running,152,187,0.83
6/2/2025,5.01,6/2/2025 11:34:39,6/2/2025,Jun,2025,0:53:25,10:40,Running,158,183,0.82
6/3/2025,5.00,6/2/2025 15:12:58,6/2/2025,Jun,2025,0:52:38,10:31,Running,163,181,0.84
6/4/2025,6.01,6/2/2025 9:36:33,6/2/2025,Jun,2025,1:01:25,10:13,Running,158,190,0.82
6/6/2025,3.01,6/2/2025 12:28:36,6/2/2025,Jun,2025,0:31:36,10:30,Running,153,189,0.81
6/8/2025,4.00,6/2/2025 7:19:32,6/2/2025,Jun,2025,0:43:17,10:48,Running,146,190,0.78
6/10/2025,5.00,6/9/2025 14:22:05,6/9/2025,Jun,2025,0:51:26,10:17,Running,145,190,0.82
6/11/2025,6.00,6/9/2025 10:52:32,6/9/2025,Jun,2025,0:59:20,9:53,Running,162,192,0.84
6/12/2025,3.06,6/9/2025 10:07:05,6/9/2025,Jun,2025,0:31:14,10:12,Running,152,194,0.81
6/14/2025,6.41,6/9/2025 7:54:41,6/9/2025,Jun,2025,0:54:12,8:28,Running,172,195,0.97
6/17/2025,3.01,6/16/2025 9:08:21,6/16/2025,Jun,2025,0:29:53,9:57,Running,149,195,0.83
6/18/2025,3.00,6/16/2025 14:59:02,6/16/2025,Jun,2025,0:31:56,10:38,Running,163,189,0.8
6/20/2025,2.01,6/16/2025 7:20:18,6/16/2025,Jun,2025,0:20:35,10:15,Running,141,192,0.82
6/21/2025,3.01,6/16/2025 7:32:31,6/16/2025,Jun,2025,0:30:09,10:01,Running,151,196,0.82
6/22/2025,3.01,6/16/2025 6:53:42,6/16/2025,Jun,2025,0:31:01,10:19,Running,145,191,0.81
6/24/2025,4.00,6/23/2025 6:11:25,6/23/2025,Jun,2025,0:40:30,10:07,Running,156,194,0.82
6/25/2025,3.01,6/23/2025 7:00:43,6/23/2025,Jun,2025,0:30:51,10:16,Running,157,191,0.82
6/27/2025,4.01,6/23/2025 12:07:22,6/23/2025,Jun,2025,0:39:29,9:51,Running,157,191,0.85
6/29/2025,4.09,6/23/2025 8:26:24,6/23/2025,Jun,2025,0:33:47,8:16,Running,182,186,1.03
7/1/2025,3.00,6/30/2025 11:26:03,6/30/2025,Jul,2025,0:30:20,10:06,Running,157,189,0.84
7/4/2025,4.02,6/30/2025 8:32:12,6/30/2025,Jul,2025,0:31:00,7:43,Running,178,189,1.09
7/6/2025,3.01,6/30/2025 8:08:37,6/30/2025,Jul,2025,0:32:57,10:58,Running,142,194,0.76
7/8/2025,3.01,7/7/2025 10:50:45,7/7/2025,Jul,2025,0:29:33,9:50,Running,163,192,0.85
7/9/2025,2.01,7/7/2025 9:54:20,7/7/2025,Jul,2025,0:20:29,10:11,Running,153,196,0.8
7/11/2025,3.00,7/7/2025 10:55:20,7/7/2025,Jul,2025,0:29:54,9:57,Running,155,199,0.81
7/14/2025,3.01,7/14/2025 11:22:15,7/14/2025,Jul,2025,0:28:41,9:32,Running,162,195,0.86
7/15/2025,3.03,7/14/2025 11:34:10,7/14/2025,Jul,2025,0:29:39,9:47,Running,156,197,0.83
7/17/2025,4.36,7/14/2025 11:26:04,7/14/2025,Jul,2025,0:48:25,11:02,Treadmill Running,138,181,0.8
7/18/2025,4.34,7/14/2025 15:32:50,7/14/2025,Jul,2025,0:47:14,10:53,Treadmill Running,141,182,0.82
7/20/2025,6.01,7/14/2025 7:51:42,7/14/2025,Jul,2025,1:01:54,10:18,Running,164,188,0.83
7/22/2025,4.01,7/21/2025 11:33:50,7/21/2025,Jul,2025,0:37:55,9:27,Running,156,192,0.88
7/23/2025,4.37,7/21/2025 10:18:35,7/21/2025,Jul,2025,0:46:42,10:42,Treadmill Running,142,187,0.81
7/25/2025,4.30,7/21/2025 10:00:26,7/21/2025,Jul,2025,0:47:48,11:07,Treadmill Running,141,179,0.81
7/26/2025,5.37,7/21/2025 10:41:25,7/21/2025,Jul,2025,1:00:49,11:20,Treadmill Running,145,175,0.82
7/27/2025,5.28,7/21/2025 11:15:42,7/21/2025,Jul,2025,0:59:28,11:16,Treadmill Running,150,174,0.82
7/29/2025,5.32,7/28/2025 11:04:56,7/28/2025,Jul,2025,0:58:03,10:55,Treadmill Running,143,179,0.82
7/30/2025,5.37,7/28/2025 11:11:47,7/28/2025,Jul,2025,0:57:48,10:46,Treadmill Running,138,181,0.83
8/1/2025,6.24,7/28/2025 11:13:55,7/28/2025,Aug,2025,1:07:24,10:48,Treadmill Running,138,182,0.82
8/2/2025,6.23,7/28/2025 11:59:29,7/28/2025,Aug,2025,1:10:39,11:20,Treadmill Running,134,174,0.82
8/3/2025,3.01,7/28/2025 8:45:08,7/28/2025,Aug,2025,0:29:47,9:53,Running,158,186,0.87
8/5/2025,3.01,8/4/2025 13:56:55,8/4/2025,Aug,2025,0:29:33,9:50,Running,154,184,0.89
8/6/2025,4.01,8/4/2025 11:27:56,8/4/2025,Aug,2025,0:38:09,9:31,Running,153,189,0.89
8/9/2025,5.00,8/4/2025 9:24:13,8/4/2025,Aug,2025,0:50:21,10:04,Running,158,187,0.85
8/11/2025,5.01,8/11/2025 10:18:52,8/11/2025,Aug,2025,0:47:28,9:29,Running,161,187,0.9
8/12/2025,6.01,8/11/2025 10:40:54,8/11/2025,Aug,2025,0:57:39,9:35,Running,166,187,0.89
8/14/2025,6.00,8/11/2025 11:10:22,8/11/2025,Aug,2025,0:58:28,9:44,Running,156,190,0.87
8/15/2025,5.01,8/11/2025 10:51:59,8/11/2025,Aug,2025,0:49:46,9:56,Running,156,194,0.83
8/16/2025,7.01,8/11/2025 11:41:30,8/11/2025,Aug,2025,1:13:14,10:27,Running,157,191,0.8
8/18/2025,8.00,8/18/2025 11:25:57,8/18/2025,Aug,2025,1:21:33,10:11,Running,154,194,0.81
8/19/2025,3.00,8/18/2025 12:23:55,8/18/2025,Aug,2025,0:32:00,10:39,Running,140,191,0.79
8/20/2025,6.01,8/18/2025 14:49:28,8/18/2025,Aug,2025,1:01:24,10:13,Running,145,187,0.84
8/21/2025,4.01,8/18/2025 11:44:30,8/18/2025,Aug,2025,0:39:16,9:48,Running,147,192,0.85
8/22/2025,3.00,8/18/2025 11:06:16,8/18/2025,Aug,2025,0:30:07,10:01,Running,148,187,0.85
8/23/2025,6.37,8/18/2025 7:32:11,8/18/2025,Aug,2025,0:50:41,7:57,Running,172,194,1.04
8/25/2025,5.01,8/25/2025 11:00:54,8/25/2025,Aug,2025,0:50:06,10:01,Running,156,192,0.84
8/26/2025,4.01,8/25/2025 15:15:59,8/25/2025,Aug,2025,0:44:22,11:04,Running,135,191,0.76
8/27/2025,6.00,8/25/2025 11:46:14,8/25/2025,Aug,2025,0:59:16,9:52,Running,152,197,0.83
8/28/2025,4.01,8/25/2025 15:01:26,8/25/2025,Aug,2025,0:39:05,9:33,Running,150,192,0.87
8/29/2025,9.01,8/25/2025 11:11:40,8/25/2025,Aug,2025,1:27:31,9:43,Running,155,193,0.86
8/31/2025,5.01,8/25/2025 7:45:28,8/25/2025,Aug,2025,0:58:55,11:46,Running,129,189,0.72
9/1/2025,4.01,9/1/2025 7:53:55,9/1/2025,Sep,2025,0:39:48,9:55,Running,140,192,0.84
9/2/2025,7.04,9/1/2025 8:33:55,9/1/2025,Sep,2025,1:19:40,11:19,Running,142,166,0.85
9/4/2025,5.01,9/1/2025 11:19:21,9/1/2025,Sep,2025,0:48:10,9:37,Running,156,191,0.87
9/5/2025,4.01,9/1/2025 10:44:17,9/1/2025,Sep,2025,0:37:11,9:16,Running,168,184,0.96
9/7/2025,1.01,9/1/2025 8:25:07,9/1/2025,Sep,2025,0:05:57,5:54,Running,176,197,1.37
9/9/2025,4.01,9/8/2025 13:38:33,9/8/2025,Sep,2025,0:42:52,10:42,Running,145,190,0.79
9/10/2025,6.01,9/8/2025 12:38:13,9/8/2025,Sep,2025,1:05:38,10:55,Running,152,178,0.82
9/11/2025,7.01,9/8/2025 8:54:09,9/8/2025,Sep,2025,1:19:04,11:17,Running,147,181,0.78
9/12/2025,5.01,9/8/2025 9:06:02,9/8/2025,Sep,2025,1:00:09,12:00,Running,134,179,0.74
9/13/2025,3.01,9/8/2025 7:25:42,9/8/2025,Sep,2025,0:33:27,11:08,Running,134,188,0.76
9/14/2025,10.10,9/8/2025 8:25:03,9/8/2025,Sep,2025,1:38:58,9:48,Running,152,192,0.85
9/16/2025,6.01,9/15/2025 11:29:34,9/15/2025,Sep,2025,0:58:52,9:48,Running,153,192,0.85
9/17/2025,7.00,9/15/2025 14:56:44,9/15/2025,Sep,2025,1:10:32,10:04,Running,148,189,0.84
9/18/2025,4.00,9/15/2025 11:22:11,9/15/2025,Sep,2025,0:46:27,11:36,Running,146,175,0.79
9/19/2025,6.21,9/15/2025 14:51:29,9/15/2025,Sep,2025,1:05:13,10:30,Treadmill Running,133,186,0.83
9/20/2025,3.01,9/15/2025 8:26:16,9/15/2025,Sep,2025,0:31:14,10:24,Running,148,190,0.82
9/21/2025,12.00,9/15/2025 10:01:04,9/15/2025,Sep,2025,2:07:38,10:38,Running,149,182,0.83
9/25/2025,5.01,9/22/2025 10:24:20,9/22/2025,Sep,2025,0:49:50,9:57,Running,152,188,0.86
9/26/2025,6.01,9/22/2025 10:54:05,9/22/2025,Sep,2025,0:59:29,9:54,Running,157,186,0.87
9/27/2025,5.00,9/22/2025 9:55:19,9/22/2025,Sep,2025,0:49:13,9:50,Running,158,182,0.89
9/28/2025,6.00,9/22/2025 9:41:35,9/22/2025,Sep,2025,1:02:09,10:21,Running,154,186,0.82
9/30/2025,3.00,9/29/2025 9:41:14,9/29/2025,Sep,2025,0:30:04,10:01,Treadmill Running,128,183,0.83
9/30/2025,1.00,9/29/2025 10:17:48,9/29/2025,Sep,2025,0:07:01,7:01,Treadmill Running,155,189,1.13
10/2/2025,5.01,9/29/2025 11:03:21,9/29/2025,Oct,2025,0:48:38,9:43,Running,148,186,0.88
10/3/2025,4.01,9/29/2025 11:15:40,9/29/2025,Oct,2025,0:38:37,9:38,Running,148,186,0.89
10/4/2025,3.11,9/29/2025 11:07:57,9/29/2025,Oct,2025,0:31:56,10:16,Running,149,186,0.84
10/5/2025,3.11,9/29/2025 9:00:53,9/29/2025,Oct,2025,0:19:53,6:24,Running,176,--,--
10/9/2025,4.01,10/6/2025 14:33:01,10/6/2025,Oct,2025,0:44:19,11:03,Running,141,187,0.77
10/10/2025,6.00,10/6/2025 11:04:30,10/6/2025,Oct,2025,1:02:22,10:23,Running,143,191,0.81
10/11/2025,1.46,10/6/2025 10:38:19,10/6/2025,Oct,2025,0:19:22,13:15,Running,115,169,0.73
10/14/2025,6.00,10/13/2025 11:23:54,10/13/2025,Oct,2025,1:06:28,11:04,Running,139,182,0.8
10/15/2025,6.02,10/13/2025 10:21:10,10/13/2025,Oct,2025,1:02:09,10:20,Running,145,187,0.83
10/16/2025,6.02,10/13/2025 14:40:48,10/13/2025,Oct,2025,0:58:16,9:40,Running,145,187,0.89
10/17/2025,6.04,10/13/2025 11:06:42,10/13/2025,Oct,2025,0:57:03,9:27,Running,149,194,0.88
10/18/2025,5.03,10/13/2025 11:27:36,10/13/2025,Oct,2025,0:49:13,9:47,Running,147,197,0.83
10/19/2025,13.15,10/13/2025 11:54:53,10/13/2025,Oct,2025,2:15:00,10:16,Running,155,187,0.84
10/21/2025,6.01,10/20/2025 10:59:46,10/20/2025,Oct,2025,1:05:36,10:55,Running,136,189,0.78
10/22/2025,6.01,10/20/2025 15:00:00,10/20/2025,Oct,2025,1:03:12,10:31,Running,135,187,0.82
10/23/2025,9.01,10/20/2025 11:34:59,10/20/2025,Oct,2025,1:29:04,9:53,Running,146,194,0.84
10/24/2025,4.02,10/20/2025 9:57:44,10/20/2025,Oct,2025,0:40:37,10:06,Running,148,189,0.85
10/25/2025,6.02,10/20/2025 11:40:28,10/20/2025,Oct,2025,1:00:27,10:03,Running,147,189,0.85
10/26/2025,14.01,10/20/2025 11:20:24,10/20/2025,Oct,2025,2:21:43,10:07,Running,146,188,0.84
10/28/2025,5.37,10/27/2025 12:35:49,10/27/2025,Oct,2025,0:51:50,9:39,Running,146,194,0.86
10/31/2025,8.01,10/27/2025 12:00:47,10/27/2025,Oct,2025,1:34:12,11:46,Running,135,167,0.82
11/1/2025,3.01,10/27/2025 9:44:09,10/27/2025,Nov,2025,0:31:11,10:23,Running,143,186,0.84
11/2/2025,8.00,10/27/2025 12:19:08,10/27/2025,Nov,2025,1:24:26,10:33,Running,142,181,0.84
11/3/2025,6.00,11/3/2025 11:32:23,11/3/2025,Nov,2025,1:01:53,10:19,Running,145,181,0.86
11/4/2025,6.01,11/3/2025 12:56:32,11/3/2025,Nov,2025,0:57:16,9:32,Running,148,188,0.89
11/5/2025,10.02,11/3/2025 10:58:30,11/3/2025,Nov,2025,1:38:21,9:49,Running,150,189,0.86
11/6/2025,5.01,11/3/2025 15:18:18,11/3/2025,Nov,2025,0:51:05,10:12,Running,142,187,0.84
11/7/2025,6.09,11/3/2025 10:51:08,11/3/2025,Nov,2025,1:01:25,10:05,Running,143,193,0.82
11/8/2025,15.01,11/3/2025 11:19:43,11/3/2025,Nov,2025,2:41:55,10:46,Running,153,187,0.8
11/13/2025,8.01,11/10/2025 8:53:38,11/10/2025,Nov,2025,1:35:58,11:59,Running,145,172,0.77
11/14/2025,9.01,11/10/2025 9:09:55,11/10/2025,Nov,2025,1:44:51,11:39,Running,144,174,0.79
11/16/2025,16.01,11/10/2025 11:51:13,11/10/2025,Nov,2025,2:58:52,11:11,Running,145,177,0.82
11/18/2025,5.01,11/17/2025 14:54:21,11/17/2025,Nov,2025,0:55:48,11:09,Running,139,179,0.8
11/19/2025,4.04,11/17/2025 11:03:47,11/17/2025,Nov,2025,0:40:28,10:01,Running,159,181,0.87
11/20/2025,5.01,11/17/2025 14:45:48,11/17/2025,Nov,2025,0:53:19,10:39,Running,139,191,0.79
11/21/2025,4.02,11/17/2025 11:16:45,11/17/2025,Nov,2025,0:39:52,9:55,Running,152,191,0.85
11/23/2025,4.07,11/17/2025 8:00:31,11/17/2025,Nov,2025,0:27:03,6:39,Running,181,195,1.24
11/25/2025,3.01,11/24/2025 11:38:57,11/24/2025,Nov,2025,0:32:38,10:50,Running,144,194,0.76
11/27/2025,3.11,11/24/2025 9:35:24,11/24/2025,Nov,2025,0:19:56,6:25,Running,179,193,1.29
12/1/2025,6.02,12/1/2025 11:17:46,12/1/2025,Dec,2025,1:03:36,10:34,Running,142,193,0.79
12/2/2025,5.72,12/1/2025 14:51:45,12/1/2025,Dec,2025,1:02:58,11:00,Treadmill Running,144,188,1
12/3/2025,10.01,12/1/2025 11:26:07,12/1/2025,Dec,2025,1:40:50,10:05,Running,156,195,0.82
12/4/2025,7.01,12/1/2025 14:36:31,12/1/2025,Dec,2025,1:08:53,9:50,Running,147,197,0.83
12/5/2025,6.34,12/1/2025 12:02:19,12/1/2025,Dec,2025,1:08:40,10:50,Treadmill Running,139,187,0.8
12/6/2025,15.01,12/1/2025 11:56:41,12/1/2025,Dec,2025,2:29:24,9:57,Running,154,188,0.86
12/8/2025,1.00,12/8/2025 7:50:07,12/8/2025,Dec,2025,0:11:10,11:07,Treadmill Running,124,184,0.79
12/9/2025,5.54,12/8/2025 8:00:01,12/8/2025,Dec,2025,1:01:53,11:02,Treadmill Running,145,186,0.78
12/10/2025,5.76,12/8/2025 7:58:33,12/8/2025,Dec,2025,1:03:02,10:56,Treadmill Running,141,184,0.79
12/13/2025,5.63,12/8/2025 7:36:49,12/8/2025,Dec,2025,1:03:00,11:11,Treadmill Running,140,186,0.77
12/15/2025,7.55,12/15/2025 11:48:30,12/15/2025,Dec,2025,1:25:09,10:52,Treadmill Running,130,188,0.78
12/16/2025,8.01,12/15/2025 11:20:41,12/15/2025,Dec,2025,1:30:10,11:15,Running,142,186,0.77
12/17/2025,7.01,12/15/2025 11:23:10,12/15/2025,Dec,2025,1:08:25,9:46,Running,153,195,0.84
12/18/2025,8.03,12/15/2025 11:05:45,12/15/2025,Dec,2025,1:18:18,9:45,Running,152,194,0.85
12/20/2025,9.02,12/15/2025 13:10:20,12/15/2025,Dec,2025,1:37:10,10:46,Running,136,179,0.83
12/21/2025,12.02,12/15/2025 11:44:43,12/15/2025,Dec,2025,2:00:22,10:01,Running,146,188,0.86
12/22/2025,8.02,12/22/2025 12:29:59,12/22/2025,Dec,2025,1:21:46,10:11,Running,140,188,0.84
12/23/2025,7.01,12/22/2025 11:30:38,12/22/2025,Dec,2025,1:17:00,10:50,Treadmill Running,135,188,0.79
12/24/2025,13.15,12/22/2025 10:56:25,12/22/2025,Dec,2025,2:15:29,10:18,Running,147,188,0.82
12/26/2025,9.02,12/22/2025 11:57:34,12/22/2025,Dec,2025,1:39:09,11:00,Running,140,173,0.84
12/29/2025,7.11,12/29/2025 11:20:40,12/29/2025,Dec,2025,1:18:37,11:03,Treadmill Running,147,186,0.79
12/30/2025,12.03,12/29/2025 11:32:36,12/29/2025,Dec,2025,2:01:30,10:06,Running,154,187,0.85
1/1/2026,7.00,12/29/2025 13:20:11,12/29/2025,Jan,2026,1:16:28,10:55,Treadmill Running,141,187,0.78
1/2/2026,8.02,12/29/2025 11:02:40,12/29/2025,Jan,2026,1:23:46,10:26,Running,148,186,0.83
1/3/2026,9.02,12/29/2025 11:32:58,12/29/2025,Jan,2026,1:28:27,9:48,Running,150,192,0.85
1/4/2026,13.12,12/29/2025 11:54:22,12/29/2025,Jan,2026,2:12:01,10:04,Running,147,188,0.85
1/6/2026,8.02,1/5/2026 11:10:43,1/5/2026,Jan,2026,1:19:03,9:52,Running,146,191,0.85
1/7/2026,9.02,1/5/2026 11:15:54,1/5/2026,Jan,2026,1:32:05,10:13,Running,147,191,0.82
1/8/2026,11.02,1/5/2026 11:19:44,1/5/2026,Jan,2026,1:49:54,9:59,Running,144,191,0.84
1/9/2026,8.01,1/5/2026 11:17:48,1/5/2026,Jan,2026,1:20:28,10:02,Running,146,191,0.84
1/10/2026,8.01,1/5/2026 10:21:09,1/5/2026,Jan,2026,1:27:11,10:53,Running,142,190,0.77
1/11/2026,14.02,1/5/2026 11:09:25,1/5/2026,Jan,2026,2:22:32,10:10,Running,149,190,0.83
1/13/2026,6.01,1/12/2026 11:00:35,1/12/2026,Jan,2026,1:01:58,10:19,Running,143,189,0.82
1/14/2026,7.01,1/12/2026 15:04:14,1/12/2026,Jan,2026,1:13:56,10:33,Running,144,189,0.8
1/15/2026,8.01,1/12/2026 11:47:46,1/12/2026,Jan,2026,1:26:10,10:45,Running,146,184,0.81
1/16/2026,7.02,1/12/2026 11:04:07,1/12/2026,Jan,2026,1:12:50,10:23,Running,148,194,0.8
1/19/2026,7.01,1/19/2026 11:08:33,1/19/2026,Jan,2026,1:23:49,11:57,Running,136,184,0.73
1/20/2026,9.00,1/19/2026 11:27:26,1/19/2026,Jan,2026,1:39:35,10:52,Treadmill Running,150,186,0.78
1/21/2026,8.00,1/19/2026 11:16:14,1/19/2026,Jan,2026,1:28:19,10:55,Treadmill Running,144,186,0.8
1/22/2026,9.00,1/19/2026 11:19:59,1/19/2026,Jan,2026,1:38:41,10:55,Treadmill Running,140,188,0.79
1/23/2026,8.03,1/19/2026 11:54:51,1/19/2026,Jan,2026,1:28:48,11:01,Treadmill Running,136,187,0.78
1/24/2026,14.03,1/19/2026 11:31:07,1/19/2026,Jan,2026,2:30:42,10:45,Treadmill Running,152,189,0.79
1/27/2026,9.03,1/26/2026 11:34:15,1/26/2026,Jan,2026,1:38:53,10:51,Treadmill Running,142,189,0.78
1/28/2026,11.02,1/26/2026 11:31:18,1/26/2026,Jan,2026,2:03:47,10:54,Treadmill Running,137,188,0.79
1/29/2026,8.02,1/26/2026 14:55:15,1/26/2026,Jan,2026,1:26:33,10:46,Treadmill Running,140,190,0.79
1/30/2026,9.04,1/26/2026 11:19:20,1/26/2026,Jan,2026,1:39:48,10:57,Treadmill Running,138,189,0.78
1/31/2026,15.05,1/26/2026 11:44:20,1/26/2026,Jan,2026,2:47:59,10:49,Treadmill Running,152,190,0.79
2/2/2026,9.03,2/2/2026 11:28:11,2/2/2026,Feb,2026,1:35:55,10:35,Treadmill Running,141,191,0.78
2/3/2026,10.03,2/2/2026 11:23:40,2/2/2026,Feb,2026,1:49:47,10:53,Treadmill Running,141,192,0.79
2/4/2026,14.02,2/2/2026 11:25:34,2/2/2026,Feb,2026,2:49:59,11:04,Treadmill Running,139,189,0.77
2/9/2026,7.01,2/9/2026 12:26:06,2/9/2026,Feb,2026,1:17:06,10:55,Treadmill Running,140,192,0.77
2/10/2026,9.01,2/9/2026 10:28:13,2/9/2026,Feb,2026,1:34:01,10:20,Treadmill Running,153,188,0.77
2/11/2026,11.05,2/9/2026 11:38:07,2/9/2026,Feb,2026,2:06:21,10:54,Treadmill Running,146,188,0.82
2/12/2026,6.42,2/9/2026 14:57:58,2/9/2026,Feb,2026,1:10:42,10:58,Treadmill Running,143,187,0.8
2/13/2026,8.08,2/9/2026 11:38:30,2/9/2026,Feb,2026,1:23:11,10:18,Running,142,188,0.83
2/14/2026,16.01,2/9/2026 10:36:03,2/9/2026,Feb,2026,2:37:51,9:51,Running,147,191,0.85
2/16/2026,6.00,2/16/2026 9:26:53,2/16/2026,Feb,2026,1:05:49,10:55,Treadmill Running,139,187,0.77
2/17/2026,10.01,2/16/2026 9:27:34,2/16/2026,Feb,2026,1:34:58,9:29,Running,151,191,0.88
2/19/2026,12.01,2/16/2026 11:47:20,2/16/2026,Feb,2026,1:55:38,9:38,Running,148,188,0.88
2/20/2026,8.01,2/16/2026 14:53:45,2/16/2026,Feb,2026,1:20:14,10:01,Running,145,183,0.87
2/21/2026,2.00,2/16/2026 12:20:07,2/16/2026,Feb,2026,0:20:46,10:22,Running,146,193,0.8
2/26/2026,7.01,2/23/2026 11:42:58,2/23/2026,Feb,2026,1:13:27,10:29,Running,143,179,0.86
2/27/2026,9.01,2/23/2026 11:41:28,2/23/2026,Feb,2026,1:28:29,9:49,Running,146,186,0.88
2/28/2026,12.01,2/23/2026 11:12:18,2/23/2026,Feb,2026,1:58:21,9:51,Running,153,185,0.88
3/2/2026,10.01,3/2/2026 11:06:43,3/2/2026,Mar,2026,1:39:40,9:57,Running,143,187,0.86
3/3/2026,7.12,3/2/2026 11:15:53,3/2/2026,Mar,2026,1:20:52,10:42,Treadmill Running,131,189,0.79
3/4/2026,9.03,3/2/2026 11:31:49,3/2/2026,Mar,2026,1:28:07,9:46,Running,154,189,0.87
3/6/2026,12.02,3/2/2026 12:38:21,3/2/2026,Mar,2026,2:40:23,12:01,Running,138,162,0.83
3/7/2026,7.01,3/2/2026 11:31:21,3/2/2026,Mar,2026,1:19:16,11:10,Running,138,179,0.81
3/8/2026,17.01,3/2/2026 13:23:33,3/2/2026,Mar,2026,2:44:40,9:38,Running,150,189,0.88
3/10/2026,8.01,3/9/2026 11:58:46,3/9/2026,Mar,2026,1:21:03,10:07,Running,149,189,0.83
3/11/2026,10.01,3/9/2026 11:29:59,3/9/2026,Mar,2026,1:39:24,9:50,Running,152,188,0.87
3/12/2026,8.00,3/9/2026 11:58:36,3/9/2026,Mar,2026,1:30:05,10:54,Treadmill Running,131,188,0.79
3/13/2026,9.02,3/9/2026 10:59:15,3/9/2026,Mar,2026,1:35:22,10:35,Running,135,191,0.8
3/14/2026,8.01,3/9/2026 11:44:29,3/9/2026,Mar,2026,1:22:42,10:19,Running,145,190,0.82
3/15/2026,18.02,3/9/2026 11:09:49,3/9/2026,Mar,2026,2:58:13,9:54,Running,148,190,0.85
3/17/2026,7.01,3/16/2026 11:20:35,3/16/2026,Mar,2026,1:16:36,10:56,Running,134,185,0.8
3/18/2026,8.01,3/16/2026 11:18:58,3/16/2026,Mar,2026,1:27:19,10:54,Running,133,181,0.82
3/19/2026,7.02,3/16/2026 11:14:46,3/16/2026,Mar,2026,1:12:07,10:16,Running,140,188,0.83
3/20/2026,8.01,3/16/2026 11:26:01,3/16/2026,Mar,2026,1:22:08,10:15,Running,141,189,0.83
3/21/2026,10.02,3/16/2026 11:39:23,3/16/2026,Mar,2026,1:41:15,10:06,Running,145,187,0.85
3/22/2026,12.02,3/16/2026 11:18:02,3/16/2026,Mar,2026,2:03:56,10:19,Running,143,185,0.84
3/24/2026,8.01,3/23/2026 11:41:28,3/23/2026,Mar,2026,1:22:54,10:21,Running,144,186,0.83
3/25/2026,7.02,3/23/2026 11:23:01,3/23/2026,Mar,2026,1:12:27,10:19,Running,143,189,0.82
3/26/2026,5.01,3/23/2026 11:14:14,3/23/2026,Mar,2026,0:57:19,11:26,Running,151,165,0.83
3/27/2026,4.01,3/23/2026 11:24:42,3/23/2026,Mar,2026,0:44:57,11:13,Running,136,182,0.78
3/29/2026,3.15,3/23/2026 9:04:01,3/23/2026,Mar,2026,0:19:58,6:20,Running,180,196,1.29
3/30/2026,7.01,3/30/2026 10:07:18,3/30/2026,Mar,2026,1:14:37,10:38,Running,141,184,0.82
3/31/2026,8.01,3/30/2026 11:06:19,3/30/2026,Mar,2026,1:27:02,10:52,Running,136,181,0.81
4/1/2026,8.01,3/30/2026 11:13:26,3/30/2026,Apr,2026,1:24:06,10:30,Running,142,185,0.83
4/2/2026,12.01,3/30/2026 11:40:22,3/30/2026,Apr,2026,1:56:07,9:40,Running,143,191,0.87
4/3/2026,8.01,3/30/2026 11:32:17,3/30/2026,Apr,2026,1:19:57,9:58,Running,140,189,0.85
4/4/2026,10.66,3/30/2026 12:03:12,3/30/2026,Apr,2026,1:45:36,9:54,Running,148,182,0.89
4/6/2026,10.01,4/6/2026 13:24:02,4/6/2026,Apr,2026,1:41:28,10:08,Running,136,183,0.87
4/7/2026,8.01,4/6/2026 14:15:37,4/6/2026,Apr,2026,1:17:52,9:43,Running,139,185,0.89
4/8/2026,12.01,4/6/2026 12:09:24,4/6/2026,Apr,2026,1:52:58,9:24,Running,144,191,0.89
4/9/2026,10.02,4/6/2026 11:33:40,4/6/2026,Apr,2026,1:40:39,10:03,Running,135,190,0.84
4/10/2026,8.01,4/6/2026 10:46:53,4/6/2026,Apr,2026,1:17:44,9:42,Running,141,191,0.87
4/11/2026,18.01,4/6/2026 11:21:55,4/6/2026,Apr,2026,2:50:30,9:28,Running,145,196,0.87
4/14/2026,8.01,4/13/2026 8:19:09,4/13/2026,Apr,2026,1:16:27,9:33,Running,143,191,0.88
4/15/2026,9.02,4/13/2026 6:37:38,4/13/2026,Apr,2026,1:21:41,9:03,Running,141,194,0.91
4/16/2026,12.01,4/13/2026 9:48:58,4/13/2026,Apr,2026,1:59:48,9:58,Running,150,184,0.87
4/17/2026,7.01,4/13/2026 11:09:07,4/13/2026,Apr,2026,1:13:36,10:30,Running,135,186,0.82
4/18/2026,18.01,4/13/2026 10:50:24,4/13/2026,Apr,2026,2:56:48,9:49,Running,141,188,0.87
4/20/2026,12.01,4/20/2026 11:15:26,4/20/2026,Apr,2026,1:57:58,9:49,Running,135,187,0.87
4/21/2026,8.02,4/20/2026 11:34:45,4/20/2026,Apr,2026,1:19:03,9:51,Running,133,186,0.87
4/22/2026,11.01,4/20/2026 10:58:09,4/20/2026,Apr,2026,1:45:30,9:35,Running,139,189,0.89
4/23/2026,9.01,4/20/2026 12:04:58,4/20/2026,Apr,2026,1:37:33,10:49,Running,139,174,0.86
4/24/2026,15.02,4/20/2026 9:24:19,4/20/2026,Apr,2026,2:34:48,10:19,Running,147,176,0.91
4/26/2026,7.68,4/20/2026 11:34:41,4/20/2026,Apr,2026,1:19:29,10:21,Running,130,178,0.88
4/27/2026,1.01,4/27/2026 10:44:41,4/27/2026,Apr,2026,0:10:44,10:41,Running,122,187,0.8
4/29/2026,2.00,4/27/2026 10:15:17,4/27/2026,Apr,2026,0:24:06,12:02,Running,131,182,0.73
5/8/2026,9.01,5/4/2026 12:59:09,5/4/2026,May,2026,1:33:03,10:19,Running,137,179,0.87
5/11/2026,12.03,5/11/2026 11:06:49,5/11/2026,May,2026,1:57:20,9:45,Running,146,181,0.91
5/12/2026,9.01,5/11/2026 12:27:14,5/11/2026,May,2026,1:38:43,10:57,Running,133,174,0.84
5/13/2026,8.08,5/11/2026 11:35:19,5/11/2026,May,2026,1:27:11,10:47,Running,140,177,0.84
5/14/2026,8.01,5/11/2026 11:23:55,5/11/2026,May,2026,1:12:00,9:00,Running,152,185,0.96
5/15/2026,8.01,5/11/2026 11:31:37,5/11/2026,May,2026,1:22:49,10:20,Running,135,183,0.85
5/16/2026,9.01,5/11/2026 11:19:09,5/11/2026,May,2026,1:37:56,10:52,Running,139,178,0.83
5/19/2026,8.00,5/18/2026 11:03:28,5/18/2026,May,2026,1:29:52,10:31,Treadmill Running,131,189,0.79
5/20/2026,8.01,5/18/2026 11:32:25,5/18/2026,May,2026,1:30:06,10:36,Treadmill Running,126,188,0.81
5/21/2026,8.00,5/18/2026 11:08:17,5/18/2026,May,2026,1:30:40,10:34,Treadmill Running,127,188,0.81
5/22/2026,8.10,5/18/2026 11:00:28,5/18/2026,May,2026,1:12:22,8:56,Running,157,185,0.97